Customer Name,Type,GST No,Address 1,Country,State,City,State Code,Pin Code,PAN no,Contact person,Mobile No,FAX No,Email Id,Bank Name,A/C No,Bank Key,Reconsilation A/C,Balance,Type,Debit,ENable/Disable,,vehicle type,vehicle no,km
AMIT SINGH,,,Pune,India,Maharashtra,Pune,98,341517,ASD2525,,9.18E+11,,Test@gmail.com,SBI,12345456,,,,,,,,,,
JAGDISH,,,Pune,India,Maharashtra,Pune,99,341518,ASD2526,,9.20E+11,,Test@gmail.com,SBI,12345457,,,,,,,,,,
PREM WATI,,,Pune,India,Maharashtra,Pune,100,341519,ASD2527,,9.19E+11,,Test@gmail.com,SBI,12345458,,,,,,,,,,
AYUSH VERMA,,,Pune,India,Maharashtra,Pune,101,341520,ASD2528,,9.19E+11,,Test@gmail.com,SBI,12345459,,,,,,,,,,
ARHAM RAZA,,,Pune,India,Maharashtra,Pune,102,341521,ASD2529,,9.16E+11,,Test@gmail.com,SBI,12345460,,,,,,,,,,
NARVEER,,,Pune,India,Maharashtra,Pune,103,341522,ASD2530,,9.19E+11,,Test@gmail.com,SBI,12345461,,,,,,,,,,
ARUN DEV,,,Pune,India,Maharashtra,Pune,104,341523,ASD2531,,9.20E+11,,Test@gmail.com,SBI,12345462,,,,,,,,,,
INDU MOHINI DIXIT,,,Pune,India,Maharashtra,Pune,105,341524,ASD2532,,9.19E+11,,Test@gmail.com,SBI,12345463,,,,,,,,,,
RANJNA MISHRA,,,Pune,India,Maharashtra,Pune,106,341525,ASD2533,,9.17E+11,,Test@gmail.com,SBI,12345464,,,,,,,,,,
LAXMI,,,Pune,India,Maharashtra,Pune,107,341526,ASD2534,,9.20E+11,,Test@gmail.com,SBI,12345465,,,,,,,,,,
PRAMOD,,,Pune,India,Maharashtra,Pune,108,341527,ASD2535,,9.18E+11,,Test@gmail.com,SBI,12345466,,,,,,,,,,
DHANPAL,,,Pune,India,Maharashtra,Pune,109,341528,ASD2536,,9.18E+11,,Test@gmail.com,SBI,12345467,,,,,,,,,,
UPMA,,,Pune,India,Maharashtra,Pune,110,341529,ASD2537,,9.19E+11,,Test@gmail.com,SBI,12345468,,,,,,,,,,
ABHISHEK,,,Pune,India,Maharashtra,Pune,111,341530,ASD2538,,9.20E+11,,Test@gmail.com,SBI,12345469,,,,,,,,,,
JITENDRA SINGH,,,Pune,India,Maharashtra,Pune,112,341531,ASD2539,,9.18E+11,,Test@gmail.com,SBI,12345470,,,,,,,,,,
HARIPAL SINGH,,,Pune,India,Maharashtra,Pune,113,341532,ASD2540,,9.18E+11,,Test@gmail.com,SBI,12345471,,,,,,,,,,
RAJPAL SINGH,,,Pune,India,Maharashtra,Pune,114,341533,ASD2541,,9.16E+11,,Test@gmail.com,SBI,12345472,,,,,,,,,,
KAVYA,,,Pune,India,Maharashtra,Pune,115,341534,ASD2542,,9.17E+11,,Test@gmail.com,SBI,12345473,,,,,,,,,,
SHUBHAM,,,Pune,India,Maharashtra,Pune,116,341535,ASD2543,,9.18E+11,,Test@gmail.com,SBI,12345474,,,,,,,,,,
SACHIN,,,Pune,India,Maharashtra,Pune,117,341536,ASD2544,,9.20E+11,,Test@gmail.com,SBI,12345475,,,,,,,,,,
INDRESH KUMAR,,,Pune,India,Maharashtra,Pune,118,341537,ASD2545,,9.19E+11,,Test@gmail.com,SBI,12345476,,,,,,,,,,
ANUJ,,,Pune,India,Maharashtra,Pune,119,341538,ASD2546,,9.18E+11,,Test@gmail.com,SBI,12345477,,,,,,,,,,
PINKU,,,Pune,India,Maharashtra,Pune,120,341539,ASD2547,,9.18E+11,,Test@gmail.com,SBI,12345478,,,,,,,,,,
PUSHPA,,,Pune,India,Maharashtra,Pune,121,341540,ASD2548,,9.19E+11,,Test@gmail.com,SBI,12345479,,,,,,,,,,
HASEENA,,,Pune,India,Maharashtra,Pune,122,341541,ASD2549,,9.18E+11,,Test@gmail.com,SBI,12345480,,,,,,,,,,
RASHMI,,,Pune,India,Maharashtra,Pune,123,341542,ASD2550,,9.20E+11,,Test@gmail.com,SBI,12345481,,,,,,,,,,
URMILA,,,Pune,India,Maharashtra,Pune,124,341543,ASD2551,,9.17E+11,,Test@gmail.com,SBI,12345482,,,,,,,,,,
TAJ MOHAMMAD,,,Pune,India,Maharashtra,Pune,125,341544,ASD2552,,9.16E+11,,Test@gmail.com,SBI,12345483,,,,,,,,,,
DEEPAK,,,Pune,India,Maharashtra,Pune,126,341545,ASD2553,,9.18E+11,,Test@gmail.com,SBI,12345484,,,,,,,,,,
RAVI SAXENA,,,Pune,India,Maharashtra,Pune,127,341546,ASD2554,,9.19E+11,,Test@gmail.com,SBI,12345485,,,,,,,,,,
TAIBA KHAN,,,Pune,India,Maharashtra,Pune,128,341547,ASD2555,,9.19E+11,,Test@gmail.com,SBI,12345486,,,,,,,,,,
JAGANNATH,,,Pune,India,Maharashtra,Pune,129,341548,ASD2556,,9.18E+11,,Test@gmail.com,SBI,12345487,,,,,,,,,,
RISHABH SHARMA,,,Pune,India,Maharashtra,Pune,130,341549,ASD2557,,0,,Test@gmail.com,SBI,12345488,,,,,,,,,,
SONPAL,,,Pune,India,Maharashtra,Pune,131,341550,ASD2558,,9.17E+11,,Test@gmail.com,SBI,12345489,,,,,,,,,,
KHURSHIDA,,,Pune,India,Maharashtra,Pune,132,341551,ASD2559,,9.19E+11,,Test@gmail.com,SBI,12345490,,,,,,,,,,
HASNAIN,,,Pune,India,Maharashtra,Pune,133,341552,ASD2560,,9.17E+11,,Test@gmail.com,SBI,12345491,,,,,,,,,,
VEER PAL,,,Pune,India,Maharashtra,Pune,134,341553,ASD2561,,91984418157,,Test@gmail.com,SBI,12345492,,,,,,,,,,
SHIV NANDAN,,,Pune,India,Maharashtra,Pune,135,341554,ASD2562,,9.19E+11,,Test@gmail.com,SBI,12345493,,,,,,,,,,
AMIT KUMAR,,,Pune,India,Maharashtra,Pune,136,341555,ASD2563,,9.20E+11,,Test@gmail.com,SBI,12345494,,,,,,,,,,
KANTI,,,Pune,India,Maharashtra,Pune,137,341556,ASD2564,,9.20E+11,,Test@gmail.com,SBI,12345495,,,,,,,,,,
NEHA GANGWAR,,,Pune,India,Maharashtra,Pune,138,341557,ASD2565,,9.20E+11,,Test@gmail.com,SBI,12345496,,,,,,,,,,
JALALUDDIN,,,Pune,India,Maharashtra,Pune,139,341558,ASD2566,,9.19E+11,,Test@gmail.com,SBI,12345497,,,,,,,,,,
SUNEETA,,,Pune,India,Maharashtra,Pune,140,341559,ASD2567,,9.18E+11,,Test@gmail.com,SBI,12345498,,,,,,,,,,
SON PAL,,,Pune,India,Maharashtra,Pune,141,341560,ASD2568,,9.17E+11,,Test@gmail.com,SBI,12345499,,,,,,,,,,
KARTIK,,,Pune,India,Maharashtra,Pune,142,341561,ASD2569,,9.19E+11,,Test@gmail.com,SBI,12345500,,,,,,,,,,
ARVIND,,,Pune,India,Maharashtra,Pune,143,341562,ASD2570,,9.17E+11,,Test@gmail.com,SBI,12345501,,,,,,,,,,
ANKIT,,,Pune,India,Maharashtra,Pune,144,341563,ASD2571,,9.17E+11,,Test@gmail.com,SBI,12345502,,,,,,,,,,
SIROJA DEVI,,,Pune,India,Maharashtra,Pune,145,341564,ASD2572,,9.16E+11,,Test@gmail.com,SBI,12345503,,,,,,,,,,
GULISHTA B,,,Pune,India,Maharashtra,Pune,146,341565,ASD2573,,9.16E+11,,Test@gmail.com,SBI,12345504,,,,,,,,,,
SUNEETA RASTOGI,,,Pune,India,Maharashtra,Pune,147,341566,ASD2574,,9.20E+11,,Test@gmail.com,SBI,12345505,,,,,,,,,,
NAITIK,,,Pune,India,Maharashtra,Pune,148,341567,ASD2575,,9.16E+11,,Test@gmail.com,SBI,12345506,,,,,,,,,,
SHAILENDRA,,,Pune,India,Maharashtra,Pune,149,341568,ASD2576,,9.16E+11,,Test@gmail.com,SBI,12345507,,,,,,,,,,
GEETA,,,Pune,India,Maharashtra,Pune,150,341569,ASD2577,,9.20E+11,,Test@gmail.com,SBI,12345508,,,,,,,,,,
SHER PAL,,,Pune,India,Maharashtra,Pune,151,341570,ASD2578,,9.19E+11,,Test@gmail.com,SBI,12345509,,,,,,,,,,
SAURABH,,,Pune,India,Maharashtra,Pune,152,341571,ASD2579,,9.20E+11,,Test@gmail.com,SBI,12345510,,,,,,,,,,
RAJNI,,,Pune,India,Maharashtra,Pune,153,341572,ASD2580,,9.20E+11,,Test@gmail.com,SBI,12345511,,,,,,,,,,
SAVITA,,,Pune,India,Maharashtra,Pune,154,341573,ASD2581,,9.18E+11,,Test@gmail.com,SBI,12345512,,,,,,,,,,
KULDEEP MISHRA,,,Pune,India,Maharashtra,Pune,155,341574,ASD2582,,9.17E+11,,Test@gmail.com,SBI,12345513,,,,,,,,,,
ANURAG,,,Pune,India,Maharashtra,Pune,156,341575,ASD2583,,9.17E+11,,Test@gmail.com,SBI,12345514,,,,,,,,,,
SARNAAM,,,Pune,India,Maharashtra,Pune,157,341576,ASD2584,,9.18E+11,,Test@gmail.com,SBI,12345515,,,,,,,,,,
NARENDRA KUMAR,,,Pune,India,Maharashtra,Pune,158,341577,ASD2585,,9.18E+11,,Test@gmail.com,SBI,12345516,,,,,,,,,,
TARA WATI,,,Pune,India,Maharashtra,Pune,159,341578,ASD2586,,9.17E+11,,Test@gmail.com,SBI,12345517,,,,,,,,,,
SURJEET,,,Pune,India,Maharashtra,Pune,160,341579,ASD2587,,9.20E+11,,Test@gmail.com,SBI,12345518,,,,,,,,,,
SUDHEER,,,Pune,India,Maharashtra,Pune,161,341580,ASD2588,,9.19E+11,,Test@gmail.com,SBI,12345519,,,,,,,,,,
MUNENDRA,,,Pune,India,Maharashtra,Pune,162,341581,ASD2589,,9.20E+11,,Test@gmail.com,SBI,12345520,,,,,,,,,,
SIMRAN JEET SINGH,,,Pune,India,Maharashtra,Pune,163,341582,ASD2590,,9.19E+11,,Test@gmail.com,SBI,12345521,,,,,,,,,,
VIJAY PANDEY,,,Pune,India,Maharashtra,Pune,164,341583,ASD2591,,9.18E+11,,Test@gmail.com,SBI,12345522,,,,,,,,,,
SATNA,,,Pune,India,Maharashtra,Pune,165,341584,ASD2592,,91259979999,,Test@gmail.com,SBI,12345523,,,,,,,,,,
BOBY,,,Pune,India,Maharashtra,Pune,166,341585,ASD2593,,955972392,,Test@gmail.com,SBI,12345524,,,,,,,,,,
SWETA,,,Pune,India,Maharashtra,Pune,167,341586,ASD2594,,9.19E+11,,Test@gmail.com,SBI,12345525,,,,,,,,,,
RAM SHRI,,,Pune,India,Maharashtra,Pune,168,341587,ASD2595,,9.19E+11,,Test@gmail.com,SBI,12345526,,,,,,,,,,
ACHRAT,,,Pune,India,Maharashtra,Pune,169,341588,ASD2596,,9.18E+11,,Test@gmail.com,SBI,12345527,,,,,,,,,,
SUNEETA,,,Pune,India,Maharashtra,Pune,170,341589,ASD2597,,9.19E+11,,Test@gmail.com,SBI,12345528,,,,,,,,,,
MAYA DEVI,,,Pune,India,Maharashtra,Pune,171,341590,ASD2598,,9.16E+11,,Test@gmail.com,SBI,12345529,,,,,,,,,,
MANAV,,,Pune,India,Maharashtra,Pune,172,341591,ASD2599,,9.19E+11,,Test@gmail.com,SBI,12345530,,,,,,,,,,
SAURABH,,,Pune,India,Maharashtra,Pune,173,341592,ASD2600,,9.19E+11,,Test@gmail.com,SBI,12345531,,,,,,,,,,
SANI,,,Pune,India,Maharashtra,Pune,174,341593,ASD2601,,9.18E+11,,Test@gmail.com,SBI,12345532,,,,,,,,,,
SUDHA,,,Pune,India,Maharashtra,Pune,175,341594,ASD2602,,9.19E+11,,Test@gmail.com,SBI,12345533,,,,,,,,,,
KAILASH,,,Pune,India,Maharashtra,Pune,176,341595,ASD2603,,9.16E+11,,Test@gmail.com,SBI,12345534,,,,,,,,,,
PINKY,,,Pune,India,Maharashtra,Pune,177,341596,ASD2604,,9.19E+11,,Test@gmail.com,SBI,12345535,,,,,,,,,,
RAM CHANDRA,,,Pune,India,Maharashtra,Pune,178,341597,ASD2605,,9.18E+11,,Test@gmail.com,SBI,12345536,,,,,,,,,,
SONI,,,Pune,India,Maharashtra,Pune,179,341598,ASD2606,,9.18E+11,,Test@gmail.com,SBI,12345537,,,,,,,,,,
PRASHANT,,,Pune,India,Maharashtra,Pune,180,341599,ASD2607,,9.18E+11,,Test@gmail.com,SBI,12345538,,,,,,,,,,
RAZA HUSSAIN,,,Pune,India,Maharashtra,Pune,181,341600,ASD2608,,9.19E+11,,Test@gmail.com,SBI,12345539,,,,,,,,,,
RUBY,,,Pune,India,Maharashtra,Pune,182,341601,ASD2609,,9.19E+11,,Test@gmail.com,SBI,12345540,,,,,,,,,,
SARSWATI,,,Pune,India,Maharashtra,Pune,183,341602,ASD2610,,9.18E+11,,Test@gmail.com,SBI,12345541,,,,,,,,,,
INSPECTOR,,,Pune,India,Maharashtra,Pune,184,341603,ASD2611,,9.20E+11,,Test@gmail.com,SBI,12345542,,,,,,,,,,
AMREESH,,,Pune,India,Maharashtra,Pune,185,341604,ASD2612,,9.17E+11,,Test@gmail.com,SBI,12345543,,,,,,,,,,
SHISHU PAL,,,Pune,India,Maharashtra,Pune,186,341605,ASD2613,,9.16E+11,,Test@gmail.com,SBI,12345544,,,,,,,,,,
DIPANSHI,,,Pune,India,Maharashtra,Pune,187,341606,ASD2614,,9.17E+11,,Test@gmail.com,SBI,12345545,,,,,,,,,,
VIRENDRA KR SHARMA,,,Pune,India,Maharashtra,Pune,188,341607,ASD2615,,9.18E+11,,Test@gmail.com,SBI,12345546,,,,,,,,,,
RAM SHRI,,,Pune,India,Maharashtra,Pune,189,341608,ASD2616,,9.18E+11,,Test@gmail.com,SBI,12345547,,,,,,,,,,
CHANDNI,,,Pune,India,Maharashtra,Pune,190,341609,ASD2617,,9.19E+11,,Test@gmail.com,SBI,12345548,,,,,,,,,,
SONI,,,Pune,India,Maharashtra,Pune,191,341610,ASD2618,,9.20E+11,,Test@gmail.com,SBI,12345549,,,,,,,,,,
FIROJ,,,Pune,India,Maharashtra,Pune,192,341611,ASD2619,,9.19E+11,,Test@gmail.com,SBI,12345550,,,,,,,,,,
RESHMA EKRAM,,,Pune,India,Maharashtra,Pune,193,341612,ASD2620,,0,,Test@gmail.com,SBI,12345551,,,,,,,,,,
SHIKHA,,,Pune,India,Maharashtra,Pune,194,341613,ASD2621,,829957411,,Test@gmail.com,SBI,12345552,,,,,,,,,,
ROSHNI,,,Pune,India,Maharashtra,Pune,195,341614,ASD2622,,9.17E+11,,Test@gmail.com,SBI,12345553,,,,,,,,,,
GEETA DEVI,,,Pune,India,Maharashtra,Pune,196,341615,ASD2623,,9.18E+11,,Test@gmail.com,SBI,12345554,,,,,,,,,,
GOKUL PRASAD,,,Pune,India,Maharashtra,Pune,197,341616,ASD2624,,9.16E+11,,Test@gmail.com,SBI,12345555,,,,,,,,,,
DEEPAK VERMA,,,Pune,India,Maharashtra,Pune,198,341617,ASD2625,,9.20E+11,,Test@gmail.com,SBI,12345556,,,,,,,,,,
AKSHAM,,,Pune,India,Maharashtra,Pune,199,341618,ASD2626,,9.20E+11,,Test@gmail.com,SBI,12345557,,,,,,,,,,
RUBY,,,Pune,India,Maharashtra,Pune,200,341619,ASD2627,,9.16E+11,,Test@gmail.com,SBI,12345558,,,,,,,,,,
ANOOP KUMAR,,,Pune,India,Maharashtra,Pune,201,341620,ASD2628,,9.20E+11,,Test@gmail.com,SBI,12345559,,,,,,,,,,
MOHD TAIMUR,,,Pune,India,Maharashtra,Pune,202,341621,ASD2629,,0,,Test@gmail.com,SBI,12345560,,,,,,,,,,
POOJA,,,Pune,India,Maharashtra,Pune,203,341622,ASD2630,,9.17E+11,,Test@gmail.com,SBI,12345561,,,,,,,,,,
SHIVRAJ,,,Pune,India,Maharashtra,Pune,204,341623,ASD2631,,9.19E+11,,Test@gmail.com,SBI,12345562,,,,,,,,,,
MUMTAZ JAHAN,,,Pune,India,Maharashtra,Pune,205,341624,ASD2632,,0,,Test@gmail.com,SBI,12345563,,,,,,,,,,
VIMLESH,,,Pune,India,Maharashtra,Pune,206,341625,ASD2633,,0,,Test@gmail.com,SBI,12345564,,,,,,,,,,
SURBHI,,,Pune,India,Maharashtra,Pune,207,341626,ASD2634,,9.20E+11,,Test@gmail.com,SBI,12345565,,,,,,,,,,
BRIJ RAJ BHADAURIYA,,,Pune,India,Maharashtra,Pune,208,341627,ASD2635,,9.19E+11,,Test@gmail.com,SBI,12345566,,,,,,,,,,
KALA WATI,,,Pune,India,Maharashtra,Pune,209,341628,ASD2636,,9.19E+11,,Test@gmail.com,SBI,12345567,,,,,,,,,,
ABDUL KALAM,,,Pune,India,Maharashtra,Pune,210,341629,ASD2637,,9.19E+11,,Test@gmail.com,SBI,12345568,,,,,,,,,,
LEELA WATI,,,Pune,India,Maharashtra,Pune,211,341630,ASD2638,,9.18E+11,,Test@gmail.com,SBI,12345569,,,,,,,,,,
ANJU,,,Pune,India,Maharashtra,Pune,212,341631,ASD2639,,9.18E+11,,Test@gmail.com,SBI,12345570,,,,,,,,,,
AMIT,,,Pune,India,Maharashtra,Pune,213,341632,ASD2640,,9.20E+11,,Test@gmail.com,SBI,12345571,,,,,,,,,,
KAMODNI,,,Pune,India,Maharashtra,Pune,214,341633,ASD2641,,9.19E+11,,Test@gmail.com,SBI,12345572,,,,,,,,,,
KIRAN,,,Pune,India,Maharashtra,Pune,215,341634,ASD2642,,9.19E+11,,Test@gmail.com,SBI,12345573,,,,,,,,,,
TANYA,,,Pune,India,Maharashtra,Pune,216,341635,ASD2643,,70060748974,,Test@gmail.com,SBI,12345574,,,,,,,,,,
GUDDU,,,Pune,India,Maharashtra,Pune,217,341636,ASD2644,,9.20E+11,,Test@gmail.com,SBI,12345575,,,,,,,,,,
RESHMA DEVI,,,Pune,India,Maharashtra,Pune,218,341637,ASD2645,,9.19E+11,,Test@gmail.com,SBI,12345576,,,,,,,,,,
SUBHASH,,,Pune,India,Maharashtra,Pune,219,341638,ASD2646,,9.19E+11,,Test@gmail.com,SBI,12345577,,,,,,,,,,
DEEPA,,,Pune,India,Maharashtra,Pune,220,341639,ASD2647,,9.20E+11,,Test@gmail.com,SBI,12345578,,,,,,,,,,
SHOBHA  RANI,,,Pune,India,Maharashtra,Pune,221,341640,ASD2648,,9.17E+11,,Test@gmail.com,SBI,12345579,,,,,,,,,,
LAXMI,,,Pune,India,Maharashtra,Pune,222,341641,ASD2649,,9.20E+11,,Test@gmail.com,SBI,12345580,,,,,,,,,,
SIMRAN YADAV,,,Pune,India,Maharashtra,Pune,223,341642,ASD2650,,9.20E+11,,Test@gmail.com,SBI,12345581,,,,,,,,,,
SULTANA BE,,,Pune,India,Maharashtra,Pune,224,341643,ASD2651,,9.19E+11,,Test@gmail.com,SBI,12345582,,,,,,,,,,
TARUN,,,Pune,India,Maharashtra,Pune,225,341644,ASD2652,,9.19E+11,,Test@gmail.com,SBI,12345583,,,,,,,,,,
SUMAN,,,Pune,India,Maharashtra,Pune,226,341645,ASD2653,,9.20E+11,,Test@gmail.com,SBI,12345584,,,,,,,,,,
RAM PRASAD CHAUDHARI,,,Pune,India,Maharashtra,Pune,227,341646,ASD2654,,9.16E+11,,Test@gmail.com,SBI,12345585,,,,,,,,,,
AJAY,,,Pune,India,Maharashtra,Pune,228,341647,ASD2655,,9.18E+11,,Test@gmail.com,SBI,12345586,,,,,,,,,,
ANSHIKA,,,Pune,India,Maharashtra,Pune,229,341648,ASD2656,,9.16E+11,,Test@gmail.com,SBI,12345587,,,,,,,,,,
MANJU GUPTA,,,Pune,India,Maharashtra,Pune,230,341649,ASD2657,,9.16E+11,,Test@gmail.com,SBI,12345588,,,,,,,,,,
SHAHREEN,,,Pune,India,Maharashtra,Pune,231,341650,ASD2658,,9.20E+11,,Test@gmail.com,SBI,12345589,,,,,,,,,,
RAMESH CHANDRA KANAUJIYA,,,Pune,India,Maharashtra,Pune,232,341651,ASD2659,,9.20E+11,,Test@gmail.com,SBI,12345590,,,,,,,,,,
AWDHESH,,,Pune,India,Maharashtra,Pune,233,341652,ASD2660,,9.20E+11,,Test@gmail.com,SBI,12345591,,,,,,,,,,
TAUSHEEF ALAM,,,Pune,India,Maharashtra,Pune,234,341653,ASD2661,,9.18E+11,,Test@gmail.com,SBI,12345592,,,,,,,,,,
SANDEEP MISHRA,,,Pune,India,Maharashtra,Pune,235,341654,ASD2662,,9.19E+11,,Test@gmail.com,SBI,12345593,,,,,,,,,,
JASODA,,,Pune,India,Maharashtra,Pune,236,341655,ASD2663,,9.18E+11,,Test@gmail.com,SBI,12345594,,,,,,,,,,
SUKHDEV,,,Pune,India,Maharashtra,Pune,237,341656,ASD2664,,9.16E+11,,Test@gmail.com,SBI,12345595,,,,,,,,,,
AKSHARA,,,Pune,India,Maharashtra,Pune,238,341657,ASD2665,,9.19E+11,,Test@gmail.com,SBI,12345596,,,,,,,,,,
AHMIDA BANO,,,Pune,India,Maharashtra,Pune,239,341658,ASD2666,,9.20E+11,,Test@gmail.com,SBI,12345597,,,,,,,,,,
KAMRAN,,,Pune,India,Maharashtra,Pune,240,341659,ASD2667,,9.19E+11,,Test@gmail.com,SBI,12345598,,,,,,,,,,
ANURAG SRIVASTAVA,,,Pune,India,Maharashtra,Pune,241,341660,ASD2668,,9.17E+11,,Test@gmail.com,SBI,12345599,,,,,,,,,,
GHAN SHYAM,,,Pune,India,Maharashtra,Pune,242,341661,ASD2669,,9.18E+11,,Test@gmail.com,SBI,12345600,,,,,,,,,,
FARZANA,,,Pune,India,Maharashtra,Pune,243,341662,ASD2670,,9.20E+11,,Test@gmail.com,SBI,12345601,,,,,,,,,,
VIRESH KUMAR,,,Pune,India,Maharashtra,Pune,244,341663,ASD2671,,9.19E+11,,Test@gmail.com,SBI,12345602,,,,,,,,,,
SUMIT,,,Pune,India,Maharashtra,Pune,245,341664,ASD2672,,9.16E+11,,Test@gmail.com,SBI,12345603,,,,,,,,,,
NANAV,,,Pune,India,Maharashtra,Pune,246,341665,ASD2673,,9.19E+11,,Test@gmail.com,SBI,12345604,,,,,,,,,,
ARVIND,,,Pune,India,Maharashtra,Pune,247,341666,ASD2674,,9.18E+11,,Test@gmail.com,SBI,12345605,,,,,,,,,,
SUNDAR LAL,,,Pune,India,Maharashtra,Pune,248,341667,ASD2675,,9.19E+11,,Test@gmail.com,SBI,12345606,,,,,,,,,,
MANISH MISHRA,,,Pune,India,Maharashtra,Pune,249,341668,ASD2676,,9.18E+11,,Test@gmail.com,SBI,12345607,,,,,,,,,,
ANUPAM,,,Pune,India,Maharashtra,Pune,250,341669,ASD2677,,9.19E+11,,Test@gmail.com,SBI,12345608,,,,,,,,,,
VARSHA RASTOGI,,,Pune,India,Maharashtra,Pune,251,341670,ASD2678,,9.18E+11,,Test@gmail.com,SBI,12345609,,,,,,,,,,
MAMTA GUPTA,,,Pune,India,Maharashtra,Pune,252,341671,ASD2679,,9.16E+11,,Test@gmail.com,SBI,12345610,,,,,,,,,,
SURJEET,,,Pune,India,Maharashtra,Pune,253,341672,ASD2680,,9.17E+11,,Test@gmail.com,SBI,12345611,,,,,,,,,,
RAM DEVI,,,Pune,India,Maharashtra,Pune,254,341673,ASD2681,,9.19E+11,,Test@gmail.com,SBI,12345612,,,,,,,,,,
VIMLESH,,,Pune,India,Maharashtra,Pune,255,341674,ASD2682,,9.18E+11,,Test@gmail.com,SBI,12345613,,,,,,,,,,
PRAMOD KUMAR GUPTA,,,Pune,India,Maharashtra,Pune,256,341675,ASD2683,,9.18E+11,,Test@gmail.com,SBI,12345614,,,,,,,,,,
BABLI,,,Pune,India,Maharashtra,Pune,257,341676,ASD2684,,9.18E+11,,Test@gmail.com,SBI,12345615,,,,,,,,,,
MAHENDRA GUPTA,,,Pune,India,Maharashtra,Pune,258,341677,ASD2685,,9.20E+11,,Test@gmail.com,SBI,12345616,,,,,,,,,,
SUA LAL,,,Pune,India,Maharashtra,Pune,259,341678,ASD2686,,9.19E+11,,Test@gmail.com,SBI,12345617,,,,,,,,,,
LATA,,,Pune,India,Maharashtra,Pune,260,341679,ASD2687,,9.19E+11,,Test@gmail.com,SBI,12345618,,,,,,,,,,
VIJAY,,,Pune,India,Maharashtra,Pune,261,341680,ASD2688,,9.18E+11,,Test@gmail.com,SBI,12345619,,,,,,,,,,
SUDESH KUMAR,,,Pune,India,Maharashtra,Pune,262,341681,ASD2689,,9.19E+11,,Test@gmail.com,SBI,12345620,,,,,,,,,,
NAGMA,,,Pune,India,Maharashtra,Pune,263,341682,ASD2690,,9.20E+11,,Test@gmail.com,SBI,12345621,,,,,,,,,,
SHISH RAM SINGH,,,Pune,India,Maharashtra,Pune,264,341683,ASD2691,,9.19E+11,,Test@gmail.com,SBI,12345622,,,,,,,,,,
KIRAN,,,Pune,India,Maharashtra,Pune,265,341684,ASD2692,,9.16E+11,,Test@gmail.com,SBI,12345623,,,,,,,,,,
SAVITRI,,,Pune,India,Maharashtra,Pune,266,341685,ASD2693,,905389189,,Test@gmail.com,SBI,12345624,,,,,,,,,,
PUSHPA DEVI,,,Pune,India,Maharashtra,Pune,267,341686,ASD2694,,9.18E+11,,Test@gmail.com,SBI,12345625,,,,,,,,,,
VIRENDRA KUMAR,,,Pune,India,Maharashtra,Pune,268,341687,ASD2695,,9.20E+11,,Test@gmail.com,SBI,12345626,,,,,,,,,,
CHANDAN,,,Pune,India,Maharashtra,Pune,269,341688,ASD2696,,9.19E+11,,Test@gmail.com,SBI,12345627,,,,,,,,,,
SHAMA,,,Pune,India,Maharashtra,Pune,270,341689,ASD2697,,9.17E+11,,Test@gmail.com,SBI,12345628,,,,,,,,,,
ANUJ,,,Pune,India,Maharashtra,Pune,271,341690,ASD2698,,9.18E+11,,Test@gmail.com,SBI,12345629,,,,,,,,,,
PAWAN,,,Pune,India,Maharashtra,Pune,272,341691,ASD2699,,9.19E+11,,Test@gmail.com,SBI,12345630,,,,,,,,,,
POONAM TONDON,,,Pune,India,Maharashtra,Pune,273,341692,ASD2700,,9.19E+11,,Test@gmail.com,SBI,12345631,,,,,,,,,,
SHIZA,,,Pune,India,Maharashtra,Pune,274,341693,ASD2701,,9.18E+11,,Test@gmail.com,SBI,12345632,,,,,,,,,,
SHAISTA,,,Pune,India,Maharashtra,Pune,275,341694,ASD2702,,9.19E+11,,Test@gmail.com,SBI,12345633,,,,,,,,,,
RANJNA DIXIT,,,Pune,India,Maharashtra,Pune,276,341695,ASD2703,,9.18E+11,,Test@gmail.com,SBI,12345634,,,,,,,,,,
BAHORE LAL,,,Pune,India,Maharashtra,Pune,277,341696,ASD2704,,9.19E+11,,Test@gmail.com,SBI,12345635,,,,,,,,,,
IRSAD,,,Pune,India,Maharashtra,Pune,278,341697,ASD2705,,9.19E+11,,Test@gmail.com,SBI,12345636,,,,,,,,,,
KIRAN,,,Pune,India,Maharashtra,Pune,279,341698,ASD2706,,9.20E+11,,Test@gmail.com,SBI,12345637,,,,,,,,,,
ASHOK KUMAR,,,Pune,India,Maharashtra,Pune,280,341699,ASD2707,,9.18E+11,,Test@gmail.com,SBI,12345638,,,,,,,,,,
BANTI,,,Pune,India,Maharashtra,Pune,281,341700,ASD2708,,9.16E+11,,Test@gmail.com,SBI,12345639,,,,,,,,,,
SUSHIL KUMAR,,,Pune,India,Maharashtra,Pune,282,341701,ASD2709,,9.19E+11,,Test@gmail.com,SBI,12345640,,,,,,,,,,
SANJEEV KR GUPTA,,,Pune,India,Maharashtra,Pune,283,341702,ASD2710,,9.20E+11,,Test@gmail.com,SBI,12345641,,,,,,,,,,
NISAR KHAN,,,Pune,India,Maharashtra,Pune,284,341703,ASD2711,,9.20E+11,,Test@gmail.com,SBI,12345642,,,,,,,,,,
SHARVAN SINGH,,,Pune,India,Maharashtra,Pune,285,341704,ASD2712,,9.19E+11,,Test@gmail.com,SBI,12345643,,,,,,,,,,
RAM SUNDAR,,,Pune,India,Maharashtra,Pune,286,341705,ASD2713,,9.19E+11,,Test@gmail.com,SBI,12345644,,,,,,,,,,
KRISHAN MOHAN,,,Pune,India,Maharashtra,Pune,287,341706,ASD2714,,9.19E+11,,Test@gmail.com,SBI,12345645,,,,,,,,,,
DR SHAILENDRA,,,Pune,India,Maharashtra,Pune,288,341707,ASD2715,,9.19E+11,,Test@gmail.com,SBI,12345646,,,,,,,,,,
DEEN BANDHU,,,Pune,India,Maharashtra,Pune,289,341708,ASD2716,,9.16E+11,,Test@gmail.com,SBI,12345647,,,,,,,,,,
URMILA,,,Pune,India,Maharashtra,Pune,290,341709,ASD2717,,9.20E+11,,Test@gmail.com,SBI,12345648,,,,,,,,,,
SIMRAN SINGH,,,Pune,India,Maharashtra,Pune,291,341710,ASD2718,,912140593,,Test@gmail.com,SBI,12345649,,,,,,,,,,
DR ROHITAS,,,Pune,India,Maharashtra,Pune,292,341711,ASD2719,,9.19E+11,,Test@gmail.com,SBI,12345650,,,,,,,,,,
PAWAN KUMAR,,,Pune,India,Maharashtra,Pune,293,341712,ASD2720,,9.19E+11,,Test@gmail.com,SBI,12345651,,,,,,,,,,
GAURAV MISHRA,,,Pune,India,Maharashtra,Pune,294,341713,ASD2721,,9.19E+11,,Test@gmail.com,SBI,12345652,,,,,,,,,,
RAJESHWARI DEVI,,,Pune,India,Maharashtra,Pune,295,341714,ASD2722,,9.18E+11,,Test@gmail.com,SBI,12345653,,,,,,,,,,
PRAMOD,,,Pune,India,Maharashtra,Pune,296,341715,ASD2723,,9.17E+11,,Test@gmail.com,SBI,12345654,,,,,,,,,,
SAMSUDDIN,,,Pune,India,Maharashtra,Pune,297,341716,ASD2724,,9.19E+11,,Test@gmail.com,SBI,12345655,,,,,,,,,,
SUNIL,,,Pune,India,Maharashtra,Pune,298,341717,ASD2725,,9.19E+11,,Test@gmail.com,SBI,12345656,,,,,,,,,,
DR S P GAUTAM,,,Pune,India,Maharashtra,Pune,299,341718,ASD2726,,9.16E+11,,Test@gmail.com,SBI,12345657,,,,,,,,,,
ANSHI,,,Pune,India,Maharashtra,Pune,300,341719,ASD2727,,9.19E+11,,Test@gmail.com,SBI,12345658,,,,,,,,,,
VIMLA YADAV,,,Pune,India,Maharashtra,Pune,301,341720,ASD2728,,0,,Test@gmail.com,SBI,12345659,,,,,,,,,,
UT PREM PRAKASH,,,Pune,India,Maharashtra,Pune,302,341721,ASD2729,,9.19E+11,,Test@gmail.com,SBI,12345660,,,,,,,,,,
MOHAN LAL,,,Pune,India,Maharashtra,Pune,303,341722,ASD2730,,9.19E+11,,Test@gmail.com,SBI,12345661,,,,,,,,,,
RAJESH CHATURVEDI,,,Pune,India,Maharashtra,Pune,304,341723,ASD2731,,9.19E+11,,Test@gmail.com,SBI,12345662,,,,,,,,,,
MOHD HANEEF,,,Pune,India,Maharashtra,Pune,305,341724,ASD2732,,9.19E+11,,Test@gmail.com,SBI,12345663,,,,,,,,,,
ANOOP KUMAR,,,Pune,India,Maharashtra,Pune,306,341725,ASD2733,,9.19E+11,,Test@gmail.com,SBI,12345664,,,,,,,,,,
VIMLA DEVI,,,Pune,India,Maharashtra,Pune,307,341726,ASD2734,,9.19E+11,,Test@gmail.com,SBI,12345665,,,,,,,,,,
UT NATTHU,,,Pune,India,Maharashtra,Pune,308,341727,ASD2735,,9.20E+11,,Test@gmail.com,SBI,12345666,,,,,,,,,,
RAM CHANDRA RASTOGI,,,Pune,India,Maharashtra,Pune,309,341728,ASD2736,,9.19E+11,,Test@gmail.com,SBI,12345667,,,,,,,,,,
CT KARAN SINGH,,,Pune,India,Maharashtra,Pune,310,341729,ASD2737,,0,,Test@gmail.com,SBI,12345668,,,,,,,,,,
UT KAMLESH,,,Pune,India,Maharashtra,Pune,311,341730,ASD2738,,9.19E+11,,Test@gmail.com,SBI,12345669,,,,,,,,,,
DR ROHITAS KUMAR,,,Pune,India,Maharashtra,Pune,312,341731,ASD2739,,9.19E+11,,Test@gmail.com,SBI,12345670,,,,,,,,,,
ANUGYA MISHRA,,,Pune,India,Maharashtra,Pune,313,341732,ASD2740,,0,,Test@gmail.com,SBI,12345671,,,,,,,,,,
VIRENDRA SINGH YADAV,,,Pune,India,Maharashtra,Pune,314,341733,ASD2741,,0,,Test@gmail.com,SBI,12345672,,,,,,,,,,
UT KAMLESH,,,Pune,India,Maharashtra,Pune,315,341734,ASD2742,,9.19E+11,,Test@gmail.com,SBI,12345673,,,,,,,,,,
PRAKASH CHNDRA VERMA,,,Pune,India,Maharashtra,Pune,316,341735,ASD2743,,9.17E+11,,Test@gmail.com,SBI,12345674,,,,,,,,,,
MANISH KR SINGH,,,Pune,India,Maharashtra,Pune,317,341736,ASD2744,,9.19E+11,,Test@gmail.com,SBI,12345675,,,,,,,,,,
FARZANA,,,Pune,India,Maharashtra,Pune,318,341737,ASD2745,,9.18E+11,,Test@gmail.com,SBI,12345676,,,,,,,,,,
DRIG PAL,,,Pune,India,Maharashtra,Pune,319,341738,ASD2746,,0,,Test@gmail.com,SBI,12345677,,,,,,,,,,
NANHE KHAN,,,Pune,India,Maharashtra,Pune,320,341739,ASD2747,,9.18E+11,,Test@gmail.com,SBI,12345678,,,,,,,,,,
SURENDRA KUMAR,,,Pune,India,Maharashtra,Pune,321,341740,ASD2748,,9.19E+11,,Test@gmail.com,SBI,12345679,,,,,,,,,,
RAMANAND,,,Pune,India,Maharashtra,Pune,322,341741,ASD2749,,9.19E+11,,Test@gmail.com,SBI,12345680,,,,,,,,,,
INDRAJEET SINGH,,,Pune,India,Maharashtra,Pune,323,341742,ASD2750,,9.20E+11,,Test@gmail.com,SBI,12345681,,,,,,,,,,
SHALINI,,,Pune,India,Maharashtra,Pune,324,341743,ASD2751,,9.18E+11,,Test@gmail.com,SBI,12345682,,,,,,,,,,
SUMAN LATA,,,Pune,India,Maharashtra,Pune,325,341744,ASD2752,,9.19E+11,,Test@gmail.com,SBI,12345683,,,,,,,,,,
SANJEEV SINGH,,,Pune,India,Maharashtra,Pune,326,341745,ASD2753,,860829460,,Test@gmail.com,SBI,12345684,,,,,,,,,,
SHIVAM GUPTA,,,Pune,India,Maharashtra,Pune,327,341746,ASD2754,,9.19E+11,,Test@gmail.com,SBI,12345685,,,,,,,,,,
SANJEEV,,,Pune,India,Maharashtra,Pune,328,341747,ASD2755,,9.20E+11,,Test@gmail.com,SBI,12345686,,,,,,,,,,
CHANDRA DEVI,,,Pune,India,Maharashtra,Pune,329,341748,ASD2756,,9.19E+11,,Test@gmail.com,SBI,12345687,,,,,,,,,,
JAGDISH PRASAD,,,Pune,India,Maharashtra,Pune,330,341749,ASD2757,,9.20E+11,,Test@gmail.com,SBI,12345688,,,,,,,,,,
ROHIT KAUSAL,,,Pune,India,Maharashtra,Pune,331,341750,ASD2758,,9.17E+11,,Test@gmail.com,SBI,12345689,,,,,,,,,,
ASIF PARVEJ,,,Pune,India,Maharashtra,Pune,332,341751,ASD2759,,9.16E+11,,Test@gmail.com,SBI,12345690,,,,,,,,,,
DEEPAK,,,Pune,India,Maharashtra,Pune,333,341752,ASD2760,,9.19E+11,,Test@gmail.com,SBI,12345691,,,,,,,,,,
RESHMA EKRAM,,,Pune,India,Maharashtra,Pune,334,341753,ASD2761,,9.17E+11,,Test@gmail.com,SBI,12345692,,,,,,,,,,
SWEETI,,,Pune,India,Maharashtra,Pune,335,341754,ASD2762,,9.18E+11,,Test@gmail.com,SBI,12345693,,,,,,,,,,
SANTOSH GUPTA,,,Pune,India,Maharashtra,Pune,336,341755,ASD2763,,9.20E+11,,Test@gmail.com,SBI,12345694,,,,,,,,,,
PUSHPA DEVI,,,Pune,India,Maharashtra,Pune,337,341756,ASD2764,,0,,Test@gmail.com,SBI,12345695,,,,,,,,,,
S.P GAUTAM,,,Pune,India,Maharashtra,Pune,338,341757,ASD2765,,0,,Test@gmail.com,SBI,12345696,,,,,,,,,,
SHAILENDRA KUMAR,,,Pune,India,Maharashtra,Pune,339,341758,ASD2766,,9.18E+11,,Test@gmail.com,SBI,12345697,,,,,,,,,,
ARENDRA KUMAR,,,Pune,India,Maharashtra,Pune,340,341759,ASD2767,,9.19E+11,,Test@gmail.com,SBI,12345698,,,,,,,,,,
DR V K GANGWAR,,,Pune,India,Maharashtra,Pune,341,341760,ASD2768,,9.19E+11,,Test@gmail.com,SBI,12345699,,,,,,,,,,
DR P N RASTOGI,,,Pune,India,Maharashtra,Pune,342,341761,ASD2769,,9.16E+11,,Test@gmail.com,SBI,12345700,,,,,,,,,,
KALICHARAN,,,Pune,India,Maharashtra,Pune,343,341762,ASD2770,,9.18E+11,,Test@gmail.com,SBI,12345701,,,,,,,,,,
SUMAN LATA,,,Pune,India,Maharashtra,Pune,344,341763,ASD2771,,9.19E+11,,Test@gmail.com,SBI,12345702,,,,,,,,,,
RAM BETI,,,Pune,India,Maharashtra,Pune,345,341764,ASD2772,,9.19E+11,,Test@gmail.com,SBI,12345703,,,,,,,,,,
VIMLA WADWANI,,,Pune,India,Maharashtra,Pune,346,341765,ASD2773,,9.19E+11,,Test@gmail.com,SBI,12345704,,,,,,,,,,
MADHUR JAIN,,,Pune,India,Maharashtra,Pune,347,341766,ASD2774,,9.20E+11,,Test@gmail.com,SBI,12345705,,,,,,,,,,
A K JAIN,,,Pune,India,Maharashtra,Pune,348,341767,ASD2775,,0,,Test@gmail.com,SBI,12345706,,,,,,,,,,
A K DWIVEDI,,,Pune,India,Maharashtra,Pune,349,341768,ASD2776,,0,,Test@gmail.com,SBI,12345707,,,,,,,,,,
SUMAN GAUTAM,,,Pune,India,Maharashtra,Pune,350,341769,ASD2777,,9.19E+11,,Test@gmail.com,SBI,12345708,,,,,,,,,,
SALEEM BEG,,,Pune,India,Maharashtra,Pune,351,341770,ASD2778,,9.20E+11,,Test@gmail.com,SBI,12345709,,,,,,,,,,
DEV VANTI,,,Pune,India,Maharashtra,Pune,352,341771,ASD2779,,0,,Test@gmail.com,SBI,12345710,,,,,,,,,,
RAVI CHARAN,,,Pune,India,Maharashtra,Pune,353,341772,ASD2780,,9.19E+11,,Test@gmail.com,SBI,12345711,,,,,,,,,,
SANJEEV KE GUPTA,,,Pune,India,Maharashtra,Pune,354,341773,ASD2781,,9.19E+11,,Test@gmail.com,SBI,12345712,,,,,,,,,,
PRAKASH CHANDRA VERMA,,,Pune,India,Maharashtra,Pune,355,341774,ASD2782,,9.19E+11,,Test@gmail.com,SBI,12345713,,,,,,,,,,
ASHOK KR SAXENA,,,Pune,India,Maharashtra,Pune,356,341775,ASD2783,,9.19E+11,,Test@gmail.com,SBI,12345714,,,,,,,,,,
NATTHU,,,Pune,India,Maharashtra,Pune,357,341776,ASD2784,,9.20E+11,,Test@gmail.com,SBI,12345715,,,,,,,,,,
RAJESH MOHAN AGNIHOTRI,,,Pune,India,Maharashtra,Pune,358,341777,ASD2785,,9.20E+11,,Test@gmail.com,SBI,12345716,,,,,,,,,,
SHOBHA RANI,,,Pune,India,Maharashtra,Pune,359,341778,ASD2786,,9.20E+11,,Test@gmail.com,SBI,12345717,,,,,,,,,,
MOHD AKRAM,,,Pune,India,Maharashtra,Pune,360,341779,ASD2787,,9.20E+11,,Test@gmail.com,SBI,12345718,,,,,,,,,,
MOBIN,,,Pune,India,Maharashtra,Pune,361,341780,ASD2788,,9.18E+11,,Test@gmail.com,SBI,12345719,,,,,,,,,,
RAVI VERMA,,,Pune,India,Maharashtra,Pune,362,341781,ASD2789,,9.20E+11,,Test@gmail.com,SBI,12345720,,,,,,,,,,
OM SHEKHAR,,,Pune,India,Maharashtra,Pune,363,341782,ASD2790,,9.20E+11,,Test@gmail.com,SBI,12345721,,,,,,,,,,
CHANDRA SHEKHAR,,,Pune,India,Maharashtra,Pune,364,341783,ASD2791,,9.18E+11,,Test@gmail.com,SBI,12345722,,,,,,,,,,
DR Y P GAUTAM,,,Pune,India,Maharashtra,Pune,365,341784,ASD2792,,9.20E+11,,Test@gmail.com,SBI,12345723,,,,,,,,,,
IMRAN KHAN,,,Pune,India,Maharashtra,Pune,366,341785,ASD2793,,9.19E+11,,Test@gmail.com,SBI,12345724,,,,,,,,,,
SHANTI DEVI,,,Pune,India,Maharashtra,Pune,367,341786,ASD2794,,9.19E+11,,Test@gmail.com,SBI,12345725,,,,,,,,,,
SUYESHA MISHRA,,,Pune,India,Maharashtra,Pune,368,341787,ASD2795,,9.19E+11,,Test@gmail.com,SBI,12345726,,,,,,,,,,
TARIK KHAN,,,Pune,India,Maharashtra,Pune,369,341788,ASD2796,,9.20E+11,,Test@gmail.com,SBI,12345727,,,,,,,,,,
HET RAM SINGH,,,Pune,India,Maharashtra,Pune,370,341789,ASD2797,,9.20E+11,,Test@gmail.com,SBI,12345728,,,,,,,,,,
ARVAZ KHAN,,,Pune,India,Maharashtra,Pune,371,341790,ASD2798,,9.18E+11,,Test@gmail.com,SBI,12345729,,,,,,,,,,
DIVYANSHI,,,Pune,India,Maharashtra,Pune,372,341791,ASD2799,,9.19E+11,,Test@gmail.com,SBI,12345730,,,,,,,,,,
MACHLA,,,Pune,India,Maharashtra,Pune,373,341792,ASD2800,,9.18E+11,,Test@gmail.com,SBI,12345731,,,,,,,,,,
DR V K GANGWAR,,,Pune,India,Maharashtra,Pune,374,341793,ASD2801,,0,,Test@gmail.com,SBI,12345732,,,,,,,,,,
SIYA RAM,,,Pune,India,Maharashtra,Pune,375,341794,ASD2802,,9.19E+11,,Test@gmail.com,SBI,12345733,,,,,,,,,,
SACHIN SAXENA,,,Pune,India,Maharashtra,Pune,376,341795,ASD2803,,9.17E+11,,Test@gmail.com,SBI,12345734,,,,,,,,,,
SARASWATI,,,Pune,India,Maharashtra,Pune,377,341796,ASD2804,,9.19E+11,,Test@gmail.com,SBI,12345735,,,,,,,,,,
MALKHAN SINGH,,,Pune,India,Maharashtra,Pune,378,341797,ASD2805,,0,,Test@gmail.com,SBI,12345736,,,,,,,,,,
BAHADUR,,,Pune,India,Maharashtra,Pune,379,341798,ASD2806,,9.19E+11,,Test@gmail.com,SBI,12345737,,,,,,,,,,
DR M P. SINGH,,,Pune,India,Maharashtra,Pune,380,341799,ASD2807,,9.20E+11,,Test@gmail.com,SBI,12345738,,,,,,,,,,
A K JAIN,,,Pune,India,Maharashtra,Pune,381,341800,ASD2808,,9.19E+11,,Test@gmail.com,SBI,12345739,,,,,,,,,,
MADHUR JAIN,,,Pune,India,Maharashtra,Pune,382,341801,ASD2809,,9.18E+11,,Test@gmail.com,SBI,12345740,,,,,,,,,,
KISHORI DEVI,,,Pune,India,Maharashtra,Pune,383,341802,ASD2810,,9.19E+11,,Test@gmail.com,SBI,12345741,,,,,,,,,,
PERVEJ,,,Pune,India,Maharashtra,Pune,384,341803,ASD2811,,9.16E+11,,Test@gmail.com,SBI,12345742,,,,,,,,,,
SAHABUDDIN,,,Pune,India,Maharashtra,Pune,385,341804,ASD2812,,9.19E+11,,Test@gmail.com,SBI,12345743,,,,,,,,,,
NATTHU,,,Pune,India,Maharashtra,Pune,386,341805,ASD2813,,9.18E+11,,Test@gmail.com,SBI,12345744,,,,,,,,,,
CHANDRESH BABU,,,Pune,India,Maharashtra,Pune,387,341806,ASD2814,,0,,Test@gmail.com,SBI,12345745,,,,,,,,,,
NANHI,,,Pune,India,Maharashtra,Pune,388,341807,ASD2815,,9.19E+11,,Test@gmail.com,SBI,12345746,,,,,,,,,,
RAM KUMAR SI.,,,Pune,India,Maharashtra,Pune,389,341808,ASD2816,,0,,Test@gmail.com,SBI,12345747,,,,,,,,,,
AJAY KUMAR,,,Pune,India,Maharashtra,Pune,390,341809,ASD2817,,9.19E+11,,Test@gmail.com,SBI,12345748,,,,,,,,,,
SUMAN SINGH,,,Pune,India,Maharashtra,Pune,391,341810,ASD2818,,0,,Test@gmail.com,SBI,12345749,,,,,,,,,,
RAJESH MOHAN AGNIHOTRI,,,Pune,India,Maharashtra,Pune,392,341811,ASD2819,,0,,Test@gmail.com,SBI,12345750,,,,,,,,,,
SUSHILA RATHORE,,,Pune,India,Maharashtra,Pune,393,341812,ASD2820,,9.19E+11,,Test@gmail.com,SBI,12345751,,,,,,,,,,
UJJAWAL SAINI,,,Pune,India,Maharashtra,Pune,394,341813,ASD2821,,9.20E+11,,Test@gmail.com,SBI,12345752,,,,,,,,,,
TAKDEERAN,,,Pune,India,Maharashtra,Pune,395,341814,ASD2822,,9.19E+11,,Test@gmail.com,SBI,12345753,,,,,,,,,,
MUNENDRA,,,Pune,India,Maharashtra,Pune,396,341815,ASD2823,,9.18E+11,,Test@gmail.com,SBI,12345754,,,,,,,,,,
PRIYANSHI,,,Pune,India,Maharashtra,Pune,397,341816,ASD2824,,9.20E+11,,Test@gmail.com,SBI,12345755,,,,,,,,,,
KANTI,,,Pune,India,Maharashtra,Pune,398,341817,ASD2825,,9.19E+11,,Test@gmail.com,SBI,12345756,,,,,,,,,,
ADESH KUMAR,,,Pune,India,Maharashtra,Pune,399,341818,ASD2826,,9.18E+11,,Test@gmail.com,SBI,12345757,,,,,,,,,,
ASHA RAM,,,Pune,India,Maharashtra,Pune,400,341819,ASD2827,,9.19E+11,,Test@gmail.com,SBI,12345758,,,,,,,,,,
PINKY,,,Pune,India,Maharashtra,Pune,401,341820,ASD2828,,9.19E+11,,Test@gmail.com,SBI,12345759,,,,,,,,,,
RAM KANTI,,,Pune,India,Maharashtra,Pune,402,341821,ASD2829,,9.20E+11,,Test@gmail.com,SBI,12345760,,,,,,,,,,
RAM WATI,,,Pune,India,Maharashtra,Pune,403,341822,ASD2830,,9.20E+11,,Test@gmail.com,SBI,12345761,,,,,,,,,,
YASHODA,,,Pune,India,Maharashtra,Pune,404,341823,ASD2831,,9.17E+11,,Test@gmail.com,SBI,12345762,,,,,,,,,,
PRINCE,,,Pune,India,Maharashtra,Pune,405,341824,ASD2832,,9.19E+11,,Test@gmail.com,SBI,12345763,,,,,,,,,,
ANUGYA,,,Pune,India,Maharashtra,Pune,406,341825,ASD2833,,9.18E+11,,Test@gmail.com,SBI,12345764,,,,,,,,,,
RAJU,,,Pune,India,Maharashtra,Pune,407,341826,ASD2834,,9.19E+11,,Test@gmail.com,SBI,12345765,,,,,,,,,,
BUSRA,,,Pune,India,Maharashtra,Pune,408,341827,ASD2835,,9.20E+11,,Test@gmail.com,SBI,12345766,,,,,,,,,,
SATI RAM,,,Pune,India,Maharashtra,Pune,409,341828,ASD2836,,9.20E+11,,Test@gmail.com,SBI,12345767,,,,,,,,,,
B K PANDEY,,,Pune,India,Maharashtra,Pune,410,341829,ASD2837,,9.19E+11,,Test@gmail.com,SBI,12345768,,,,,,,,,,
MOHIT,,,Pune,India,Maharashtra,Pune,411,341830,ASD2838,,9.20E+11,,Test@gmail.com,SBI,12345769,,,,,,,,,,
AMIT,,,Pune,India,Maharashtra,Pune,412,341831,ASD2839,,9.16E+11,,Test@gmail.com,SBI,12345770,,,,,,,,,,
NIKITA,,,Pune,India,Maharashtra,Pune,413,341832,ASD2840,,9.19E+11,,Test@gmail.com,SBI,12345771,,,,,,,,,,
MAYA DEVI,,,Pune,India,Maharashtra,Pune,414,341833,ASD2841,,9.20E+11,,Test@gmail.com,SBI,12345772,,,,,,,,,,
AYUSH,,,Pune,India,Maharashtra,Pune,415,341834,ASD2842,,9.18E+11,,Test@gmail.com,SBI,12345773,,,,,,,,,,
RAM LALI,,,Pune,India,Maharashtra,Pune,416,341835,ASD2843,,9.17E+11,,Test@gmail.com,SBI,12345774,,,,,,,,,,
AWDHESH,,,Pune,India,Maharashtra,Pune,417,341836,ASD2844,,9.19E+11,,Test@gmail.com,SBI,12345775,,,,,,,,,,
RITESH KUMAR,,,Pune,India,Maharashtra,Pune,418,341837,ASD2845,,9.17E+11,,Test@gmail.com,SBI,12345776,,,,,,,,,,
SADA WATI,,,Pune,India,Maharashtra,Pune,419,341838,ASD2846,,9.20E+11,,Test@gmail.com,SBI,12345777,,,,,,,,,,
SHOBHA RANI,,,Pune,India,Maharashtra,Pune,420,341839,ASD2847,,9.20E+11,,Test@gmail.com,SBI,12345778,,,,,,,,,,
