Customer Name,Type,GST Type,GST No,Address 1,Country,State,City,State Code,Pin Code,PAN no,Contact person,Mobile No,FAX No,Email Id,Bank Name,A/C No,Bank Key,Reconsilation A/C,Debit,Vehicletype,Vehical No,KM
MH 12 CK 9757,,Yes,,,India,Maharashtra,,27,,,,,,,,,,,0,,MH 12 CK 9757,
GJ 18 BB 5653,,No,,,India,Maharashtra,,27,,,,,,,,,,,0,,GJ 18 BB 5653,
MR. HEMANT KADAM ,,No,,,India,Maharashtra,,27,,,,,,,,,,,0,,MH 01 BB 9443,
MH 02 AK 2497,,No,,,India,Maharashtra,,27,,,,,,,,,,,0,,MH 02 AK 2497,
MH 02 BT 3103,,No,,,India,Maharashtra,,27,,,,,,,,,,,0,,MH 02 BT 3103,
MH 02 CB 5799,,Yes,,,India,Maharashtra,,27,,,,,,,,,,,0,,MH 02 CB 5799,
M RAGHUNANDAN PETROLEUM ,,Yes,27AMJPG7434M1ZM,TATHAWADE   ,India,Maharashtra,,27,,,,,,,,,,,0,,MH 02 DS 9991,
MH 02 DW 8777,,No,,,India,Maharashtra,,27,,,,,,,,,,,0,,MH 02 DW 8777,
MH 02 WA 9833,,No,,,India,Maharashtra,,27,,,,,,,,,,,0,,MH 02 WA 9833,
MR. SANJAY KALE ,,Yes,,,India,Maharashtra,,27,,,,,,,,,,,0,,MH 04 DB 4575,
MR. RAMESH BHATI ,,No,,THERGAON  ,India,Maharashtra,,27,,,,,,,,,,,0,,MH 04 DR 0651,
MR.  RADHAN SIR ,,No,,,India,Maharashtra,,27,,,,,,,,,,,0,,MH 04 EH 6498,
MR. PRAVIN NIKAM  ,,No,,RAHATNI,India,Maharashtra,,27,,,,,,,,,,,0,,MH 04 ES 8062,
MR. RAHUL SONAWANE ,,No,,,India,Maharashtra,,27,,,,,,,,,,,0,,MH 04 GD 7003,
MR. WAGHMARE  ,,No,,THERGAON   ,India,Maharashtra,,27,,,,,,,,,,,0,,MH 04 GJ 6020,
MR. AJIT SIR  ,,No,,,India,Maharashtra,,27,,,,,,,,,,,0,,MH 04 GZ 1646,
MR. ANIL CHAVAN ,,No,,,India,Maharashtra,,27,,,,,,,,,,,0,,MH 05 DK 2642,
MR. SOMANATH THITE ,,No,,,India,Maharashtra,,27,,,,,,,,,,,0,,MH 06 AB 8100,
MH 06 AW 7971,,Yes,,,India,Maharashtra,,27,,,,,,,,,,,0,,MH 06 AW 7971,
MR. CHAVAN SIR  ,,Yes,,,India,Maharashtra,,27,,,,,,,,,,,0,,MH 06 J 9374,
MR. PATIL,,,,,India,,,,,,,,,,,,,,0,,MH 06 KL 1357,
MH 09 CV 9955,,,,,India,,,,,,,,,,,,,,0,,MH 09 CV 9955,
MR. RAHUL PAWAR,,,,,India,,,,,,,,,,,,,,0,,MH 09 DA 8167,
MR. NITIN PATANKAR,,,,,India,,,,,,,,,,,,,,0,,MH 10 2312,
MR. VIJAY SIR  ,,,,,India,,,,,,,,,,,,,,0,,MH 10 AW 6428,
MH 10 BA 2312,,,,,India,,,,,,,,,,,,,,0,,MH 10 BA 2312,
MR. SHIRISH UMADI ,,,,RAHATANI   ,India,,,,,,,,,,,,,,0,,MH 10 BM 2983,
MH 10 BM 2989,,,,,India,,,,,,,,,,,,,,0,,MH 10 BM 2989,
MR. MANGESH JADHAV  ,,,,,India,,,,,,,,,,,,,,0,,MH 10 BM 5147,
MR. ABHI NIKAM ,,,,,India,,,,,,,,,,,,,,0,,MH 10 CA 4300,
MH 10 CA 5461,,,,,India,,,,,,,,,,,,,,0,,MH 10 CA 5461,
MH 10 F 7704,,,,,India,,,,,,,,,,,,,,0,,MH 10 F 7704,
MR. SURESH PATIL,,,,KAIJ   ,India,,,,,,,,,,,,,,0,,MH 11 AF 0909,
MH 11 AK 2149,,,,,India,,,,,,,,,,,,,,0,,MH 11 AK 2149,
MR. Datta Kanjale ,,,,Kotharud   ,India,,,,,,,,,,,,,,0,,MH 11 BD 6443,
MR. SANDEEP KADAM,,,,,India,,,,,,,,,,,,,,0,,MH 11 BD 6603,
MR. AABA DHAWALE  ,,,,THERGAON   ,India,,,,,,,,,,,,,,0,,MH 12 AX 3267,
MH 12 BP 7919,,,,,India,,,,,,,,,,,,,,0,,MH 12 BP 7919,
MH 12 BV 5974,,,,,India,,,,,,,,,,,,MR. SURESH PATIL,,0,,MH 12 BV 5974,
MR. NILESH WAGHULE ,,,,,India,,,,,,,,,,,,,,0,,MH 12 CA 6081,
MR. KAKADE SIR  ,,,,,India,,,,,,,,,,,,,,0,,MH 12 CH 2722,
MR. AJIT SIR.  ,,,,,India,,,,,,,,,,,,,,0,,MH 12 CK 3148,
MR. RATHOD  ,,,,,India,,,,,,,,,,,,,,0,,MH 12 CN 6817,
MH 12 CR 3450,,,,,India,,,,,,,,,,,,,,0,,MH 12 CR 3450,
MH 12 CY 3855,,,,,India,,,,,,,,,,,,,,0,,MH 12 CY 3855,
MR. DADA SONAWANE ,,,,THERGAON   ,India,,,,,,,,,,,,,,0,,MH 12 DF 4330,
MH 12 DG 1589,,,,,India,,,,,,,,,,,,,,0,,MH 12 DG 1589,
MR. SANDEEP YADAV,,,,,India,,,,,,,,,,,,,,0,,MH 12 DN 2351,
M Gurukripa Enterprises ,,Yes,27ACPPN0840G1ZJ,"Pirangut, PUNE",India,,,,,,,,,,,,,,0,,MH 12 DS 4330,
MR. SWAPNIL MADKE ,,,,,India,,,,,,,,,,,,,,0,,MH 12 DS 8442,
MR. CHAVAN  ,,,,,India,,,,,,,,,,,,,,0,,MH 12 EF 4343,
MR. KAKADE SIR  ,,,,,India,,,,,,,,,,,,,,0,,MH 12 EH 2222,
MR. SHEJWAL  ,,,,KOTHARUD   ,India,,,,,,,,,,,,,,0,,MH 12 EM 4090,
MR. WAYAL SIR  ,,,,THERGAON   ,India,,,,,,,,,,,,,,0,,MH 12 ET 2531,
MR. KHARAT  ,,,,,India,,,,,,,,,,,,,,0,,MH 12 EX 2997,
MH 12 EX 3645,,,,,India,,,,,,,,,,,,,,0,,MH 12 EX 3645,
MR. PRADEE LAKHE,,,,,India,,,,,,,,,,,,,,0,,MH 12 FC 4488,
MH 12 FC 9395,,,,,India,,,,,,,,,,,,,,0,,MH 12 FC 9395,
MR. RAJU DISLE  ,,,,,India,,,,,,,,,,,,,,0,,MH 12 FD 8233,
MH 12 FF 3494,,Yes,,,India,,,,,,,,,,,,,,0,,MH 12 FF 3494,
MR. SANTOSH SIR.  ,,,,,India,,,,,,,,,,,,,,0,,MH 12 FJ 0909,
MR. DAISHMUKH SIR  ,,,,,India,,,,,,,,,,,,,,0,,MH 12 FK 1055,
MH 12 FU 6754,,,,,India,,,,,,,,,,,,,,0,,MH 12 FU 6754,
MS STATUS,,,27AEOPP8228B1ZA,"103 A-8 Kunal Icon, imple Saudagar, Pune",India,,,,,,,,,,,,,,0,,MH 12 FY 9243,
MH 12 FZ 1047,,,,,India,,,,,,,,,,,,,,0,,MH 12 FZ 1047,
MR. VIJAY WARE ,,,,,India,,,,,,,,,,,,,,0,,MH 12 FZ 1422,
MR. SUNIL MANE ,,,,,India,,,,,,,,,,,,,,0,,MH 12 FZ 2003,
MR. DILI ATIL,,,,,India,,,,,,,,,,,,,,0,,MH 12 GD 4874,
MR. MAHESH DESHMUKH ,,,,,India,,,,,,,,,,,,,,0,,MH 12 GF 2251,
MH 12 GF 7486,,,,,India,,,,,,,,,,,,,,0,,MH 12 GF 7486,
MR. ARMESH SIR  ,,,,,India,,,,,,,,,,,,,,0,,MH 12 GF 8603,
MR. NANA JADHAV ,,,,,India,,,,,,,,,,,,,,0,,MH 12 GZ 0544,
MR. A SIRSAT ,,,,,India,,,,,,,,,,,,,,0,,MH 12 GZ 2060,
MR. ADSUL  ,,,,,India,,,,,,,,,,,,,,0,,MH 12 GZ 3037,
MR. SHANKAR  ,,,,,India,,,,,,,,,,,,,,0,,MH 12 GZ 4178,
MH 12 GZ 4881,,,,,India,,,,,,,,,,,,,,0,,MH 12 GZ 4881,
MR. DIGAMBAR SHINDE  ,,,,,India,,,,,,,,,,,,,,0,,MH 12 GZ 5588,
MR. Mahesh Nikte ,,,,Kotharud   ,India,,,,,,,,,,,,,,0,,MH 12 GZ 6455,
MH 12 GZ 7024,,,,,India,,,,,,,,,,,,,,0,,MH 12 GZ 7024,
MR. RAMESH  ,,,,,India,,,,,,,,,,,,,,0,,MH 12 HB 0036,
M CENTRAL TRANSLINE ,,,,,India,,,,,,,,,,,,,,0,,MH 12 HF 3181,
MR. GAWADE  ,,,,,India,,,,,,,,,,,,,,0,,MH 12 HF 8550,
MR. SUNIL  ,,,,,India,,,,,,,,,,,,,,0,,MH 12 HG 2848,
MR. SHREEDHAR JAGDALE ,,,,THERGAON   ,India,,,,,,,,,,,,,,0,,MH 12 HN 2004,
MR. DILAWAR NADAB  ,,,,,India,,,,,,,,,,,,,,0,,MH 12 HN 3120,
MR. AHNALE  ,,,,KOTHARUD   ,India,,,,,,,,,,,,,,0,,MH 12 HV 0939,
MR. MILIND DATAR ,,,,,India,,,,,,,,,,,,,,0,,MH 12 HZ 7316,
MR. NARWADE  ,,,,,India,,,,,,,,,,,,,,0,,MH 12 JM 200,
MR. GAIKAWAD ,,,,,India,,,,,,,,,,,,,,0,,MH 12 JM 3886,
MR. JANARDHAN SATHE ,,,,KOTHARUD  ,India,,,,,,,,,,,,,,0,,MH 12 JM 8799,
MR. VISHAL JAKATE ,,,,,India,,,,,,,,,,,,,,0,,MH 12 JR 5252,
MR. ANIL HONMARE ,,,,,India,,,,,,,,,,,,,,0,,MH 12 JU 5741,
MR. SINGH  ,,,,,India,,,,,,,,,,,,,,0,,MH 12 KJ 2717,
MH 12 KJ 5217,,,,,India,,,,,,,,,,,,,,0,,MH 12 KJ 5217,
MH 12 KN 0172,,,,,India,,,,,,,,,,,,,,0,,MH 12 KN 0172,
MH 12 KN 0879,,,,,India,,,,,,,,,,,,,,0,,MH 12 KN 0879,
MH 12 KN 1571,,,,,India,,,,,,,,,,,,,,0,,MH 12 KN 1571,
MR. RUKAM  ,,,,,India,,,,,,,,,,,,,,0,,MH 12 KN 1604,
MR. Ankush Shinde ,,,,"Kotharud, PUNE",India,,,,,,,,,,,,,,0,,MH 12 KN 2383,
MH 12 KN 2534,,,,,India,,,,,,,,,,,,,,0,,MH 12 KN 2534,
MR. ANIL NALWADE ,,,,KOTHARUD   ,India,,,,,,,,,,,,,,0,,MH 12 KN 3067,
MH 12 KN 3345,,,,,India,,,,,,,,,,,,,,0,,MH 12 KN 3345,
M ADISHAKTI TOURS & TRAVELS ,,,,,India,,,,,,,,,,,,,,0,,MH 12 KN 3362,
MH 12 KN 3802,,,,THERGAON      ,India,,,,,,,,,,,,,,0,,MH 12 KN 3802,
MH 12 KN 4423,,,,,India,,,,,,,,,,,,,,0,,MH 12 KN 4423,
MR. SHANKAR GILBILE ,,,,,India,,,,,,,,,,,,,,0,,MH 12 KN 4682,
MH 12 KN 4862,,,,,India,,,,,,,,,,,,,,0,,MH 12 KN 4862,
MR. SHANKAR  ,,,,,India,,,,,,,,,,,,,,0,,MH 12 KN 4882,
MR. SACHIN SHINDE ,,,,,India,,,,,,,,,,,,,,0,,MH 12 KN 4892,
MH 12 KN 6528,,,,,India,,,,,,,,,,,,,,0,,MH 12 KN 6528,
MH 12 KN 6885,,,,,India,,,,,,,,,,,,,,0,,MH 12 KN 6885,
MR. NANA REDAKAR ,,,,,India,,,,,,,,,,,,,,0,,MH 12 KN 8288,
MH 12 KN 9289,,,,,India,,,,,,,,,,,,,,0,,MH 12 KN 9289,
MR. BALAJI JAGTA,,,,THERGAON   ,India,,,,,,,,,,,,,,0,,MH 12 KN 9421,
MR.  MORE  ,,,,,India,,,,,,,,,,,,,,0,,MH 12 KN 9484,
MR. SHANKAR  ,,,,,India,,,,,,,,,,,,,,0,,MH 12 KN 9932,
MR. Mahesh Nikte ,,,,Kotharud   ,India,,,,,,,,,,,,,,0,,MH 12 KQ 6455,
MR. DEEPAK JAGDALE ,,,,THERGAON   ,India,,,,,,,,,,,,,,0,,MH 12 KY 1571,
MH 12 KY 8197,,,,,India,,,,,,,,,,,,,,0,,MH 12 KY 8197,
MR. MANE  ,,,,THERGAON   ,India,,,,,,,,,,,,,,0,,MH 12 KY 9947,
MR. KISHOR THOATE,,Yes,,THERGAON   ,India,,,,,,,,,,,,,,0,,MH 12 LJ 2684,
MR. MANGESH JADHAV ,,,,,India,,,,,,,,,,,,,,0,,MH 12 LJ 6051,
MR. SHEKHAR MANE ,,,,,India,,,,,,,,,,,,,,0,,MH 12 LP 3197,
MH 12 LV 3716,,,,,India,,,,,,,,,,,,,,0,,MH 12 LV 3716,
MR. AMAR LOMTE ,,,,,India,,,,,,,,,,,,,,0,,MH 12 LV 9635,
MR.  MAHESH NIKTE ,,,,KOTHARUD   ,India,,,,,,,,,,,,,,0,,MH 12 MB 0386,
MR.  ASHISH ATKI,,,,WAKAD   ,India,,,,,,,,,,,,,,0,,MH 12 MF 9995,
MH 12 ML 3762,,,,,India,,,,,,,,,,,,,,0,,MH 12 ML 3762,
MR. MAYUR  ,,,,,India,,,,,,,,,,,,,,0,,MH 12 ML 4499,
MR. RAJESH  ATIL,,,,,India,,,,,,,,,,,,,,0,,MH 12 MR 0991,
MH 12 MW 4306,,,,,India,,,,,,,,,,,,,,0,,MH 12 MW 4306,
"M OM A TRAVELS , ",,,27ATCPB4599G1ZL,PIMPLE GURAV,India,,,,,,,,,,,,,,0,,MH 12 NB 0179,
MR. SHARAD  ,,,,,India,,,,,,,,,,,,,,0,,MH 12 NB 0305,
MR. SHANKAR  ,,,,,India,,,,,,,,,,,,,,0,,MH 12 NB 2135,
MR. AAYAZ SHAIKH ,,,,,India,,,,,,,,,,,,,,0,,MH 12 NB 2609,
MR. ANIL NALWADE ,,,,KOTHARUD   ,India,,,,,,,,,,,,,,0,,MH 12 NB 2960,
MH 12 NB 3207,,,,,India,,,,,,,,,,,,,,0,,MH 12 NB 3207,
MR. SHANKAR  ,,,,,India,,,,,,,,,,,,,,0,,MH 12 NB 4019,
MR. BHARAT LOYRE ,,,,KOTHARUD   ,India,,,,,,,,,,,,,,0,,MH 12 NE 2997,
MR. SHRINIWAS  ,,,,,India,,,,,,,,,,,,,,0,,MH 12 NJ 7808,
MR. MANOJ  ,,,,,India,,,,,,,,,,,,,,0,,MH 12 NX 0406,
MH 12 NX 2070,,,,,India,,,,,,,,,,,,,,0,,MH 12 NX 2070,
MR. SHANKAR  ,,,,,India,,,,,,,,,,,,,,0,,MH 12 NX 2506,
MH 12 NX 2532,,,,,India,,,,,,,,,,,,,,0,,MH 12 NX 2532,
MR. TUKARAM KAKADE ,,,,,India,,,,,,,,,,,,,,0,,MH 12 NX 2646,
M SACHIN TOURS AND TRAVELS ,,,27APYPJ4637H1ZA,TATHAWADE   ,India,,,,,,,,,,,,,,0,,MH 12 NX 3868,
MH 12 NX 3870,,,,,India,,,,,,,,,,,,,,0,,MH 12 NX 3870,
MH 12 NX 5031,,,,,India,,,,,,,,,,,,,,0,,MH 12 NX 5031,
MH 12 NX 5629,,,,,India,,,,,,,,,,,,,,0,,MH 12 NX 5629,
MH 12 NX 7100,,,,,India,,,,,,,,,,,,,,0,,MH 12 NX 7100,
MH 12 NX 7112,,,,,India,,,,,,,,,,,,,,0,,MH 12 NX 7112,
MR. MAHADEV KOLHEKAR  ,,,,,India,,,,,,,,,,,,,,0,,MH 12 NX 8862,
MH 12 PA 7880,,,,,India,,,,,,,,,,,,,,0,,MH 12 PA 7880,
MR. YOGESH ZAMBARE ,,,,,India,,,,,,,,,,,,,,0,,MH 12 PQ 0047,
MR. VIJAY UBALE ,,,,,India,,,,,,,,,,,,,,0,,MH 12 PQ 3084,
MH 12 PQ 4590,,,,,India,,,,,,,,,,,,,,0,,MH 12 PQ 4590,
MH 12 PQ 5378,,,,,India,,,,,,,,,,,,,,0,,MH 12 PQ 5378,
MR. SHANTILAL MANE ,,,,,India,,,,,,,,,,,,,,0,,MH 12 PQ 6996,
MH 12 PQ 7582,,,,,India,,,,,,,,,,,,,,0,,MH 12 PQ 7582,
MH 12 PT 5661,,Yes,,,India,,,,,,,,,,,,,,0,,MH 12 PT 5661,
MH 12 PT 7247,,,,,India,,,,,,,,,,,,,,0,,MH 12 PT 7247,
MH 12 QG 0014,,,,,India,,,,,,,,,,,,,,0,,MH 12 QG 0014,
MH 12 QG 3589,,,,,India,,,,,,,,,,,,,,0,,MH 12 QG 3589,
MR. LAXMAN GILBILE ,,,,,India,,,,,,,,,,,,,,0,,MH 12 QG 4741,
MR. RAHUVT  ,,,,,India,,,,,,,,,,,,,,0,,MH 12 QG 5745,
MR. BALASAHEB  MORE  ,,,,,India,,,,,,,,,,,,,,0,,MH 12 QG 6754,
MR. MAHESH NIKATE ,,,,,India,,,,,,,,,,,,,,0,,MH 12 QW 6455,
MH 12 RN 6531,,,,,India,,,,,,,,,,,,,,0,,MH 12 RN 6531,
MR. NITESH  ,,,,,India,,,,,,,,,,,,,,0,,MH 13 AX 1513,
MR. YOGESH  ,,,,,India,,,,,,,,,,,,,,0,,MH 13 AX 1627,
MR. ASHOK BHARTE ,,,,,India,,,,,,,,,,,,,,0,,MH 13 CU 2307,
MR. BALAJI DOMBLE  ,,,,,India,,,,,,,,,,,,,,0,,MH 13 CU 2561,
MR. SANDEE,,,,,India,,,,,,,,,,,,,,0,,MH 13 CU 3508,
MR. NIKHIL SIR  ,,,,,India,,,,,,,,,,,,,,0,,MH 14 AE 4457,
MR. KHANDEKAR  ,,,,,India,,,,,,,,,,,,,,0,,MH 14 AM 1825,
MR. RAMAL SHARMA,,,,,India,,,,,,,,,,,,,,0,,MH 14 AM 2681,
MH 14 AM 4945,,,,,India,,,,,,,,,,,,,,0,,MH 14 AM 4945,
MR. SAMBHAJI BARANE ,,,,THERGAON  ,India,,,,,,,,,,,,,,0,,MH 14 AV 1800,
MR. KUNAL  ,,,,,India,,,,,,,,,,,,,,0,,MH 14 AV 3080,
MR. VINOD  ,,,,,India,,,,,,,,,,,,,,0,,MH 14 AV 3618,
MS STATUS,,,27AEOPP8228B1ZA,"103 A-8 Kunal Icon, imple Saudagar, Pune",India,,,,,,,,,,,,,,0,,MH 14 AV 3702,
MH 14 AV 5152,,,,,India,,,,,,,,,,,,,,0,,MH 14 AV 5152,
MR. ANIL JADHAV ,,,,THERGAON   ,India,,,,,,,,,,,,,,0,,MH 14 BA 0500,
MR. KHALIL  ,,,,SAGAVI   ,India,,,,,,,,,,,,,,0,,MH 14 BA 4069,
MR. VISHAL SHINDE ,,,,,India,,,,,,,,,,,,,,0,,MH 14 BA 4937,
MR. NAKHAWA  ,,,,,India,,,,,,,,,,,,,,0,,MH 14 BC 0415,
MH 14 BC 6723,,,,,India,,,,,,,,,,,,,,0,,MH 14 BC 6723,
MR. SANKET  ,,,,,India,,,,,,,,,,,,,,0,,MH 14 BC 7171,
MR. VIJAY SHINDE ,,,,,India,,,,,,,,,,,,,,0,,MH 14 BC 7316,
MH 14 BC 8718,,,,,India,,,,,,,,,,,,,,0,,MH 14 BC 8718,
MR. SURAJ KAHAR ,,,,,India,,,,,,,,,,,,,,0,,MH 14 BK 2525,
MR. ASHOK RATHOD ,,,,,India,,,,,,,,,,,,,,0,,MH 14 BK 2643,
MR. KULKARNI SIR  ,,,,,India,,,,,,,,,,,,,,0,,MH 14 BK 4310,
MR. CHASKAR SIR  ,,,,,India,,,,,,,,,,,,,,0,,MH 14 BK 4356,
MR. RAVI PAWAR ,,,,CHICHWAD    ,India,,,,,,,,,,,,,,0,,MH 14 BR 4680,
MR. GOVIND WALEKARE ,,,,,India,,,,,,,,,,,,,,0,,MH 14 BT 9187,
MR. BARAVKAR,,,,THERGAON     ,India,,,,,,,,,,,,,,0,,MH 14 BW 5550,
MR. Mahesh Nikte ,,,,Kotharud   ,India,,,,,,,,,,,,,,0,,MH 14 BX 2628,
MR. RATHOD  ,,,,,India,,,,,,,,,,,,,,0,,MH 14 BX 2643,
MR. ASHOK RATHOD ,,,,,India,,,,,,,,,,,,,,0,,MH 14 BX 2683,
MR. NITIN MAHA,,,,,India,,,,,,,,,,,,,,0,,MH 14 BX 2963,
M SALUNKE CYCAL TRADERS,,,27ABZPS0729C1ZA,"Near impri Railway Station, Pimpri, PUNE",India,,,,,,,,,,,,,,0,,MH 14 BX 3266,
MR. SAMEER SHEVALE ,,,,,India,,,,,,,,,,,,,,0,,MH 14 BX 4157,
MR. KADAM  ,,,,WAKAD   ,India,,,,,,,,,,,,,,0,,MH 14 BX 9003,
MR. RAJESH TAPKIRE ,,,,,India,,,,,,,,,,,,,,0,,MH 14 CC 1639,
MR. SURESH WALUNJ ,,,,WALHEKAR WADI   ,India,,,,,,,,,,,,,,0,,MH 14 CC 2528,
MR. KEMSE  ,,,,,India,,,,,,,,,,,,,,0,,MH 14 CC 3376,
MR. SHUBHAM  ,,,,,India,,,,,,,,,,,,,,0,,MH 14 CC 7226,
MR. MAHAJAN SIR  ,,,,,India,,,,,,,,,,,,,,0,,MH 14 CC 9581,
MR. SUNIL  ,,,,,India,,,,,,,,,,,,,,0,,MH 14 CK 3513,
MH 14 CK 36,,,,,India,,,,,,,,,,,,,,0,,MH 14 CK 36,
MR.  VINOD SHINGARE ,,,,CHICHWAD  ,India,,,,,,,,,,,,,,0,,MH 14 CK 3618,
M NITIN ARTS ,,,,CHICHWAD   ,India,,,,,,,,,,,,,,0,,MH 14 CK 3641,
MR. AMOL  ,,,,,India,,,,,,,,,,,,,,0,,MH 14 CK 4081,
M N.N. INDUSTRIES  ,,,27AGAPC6262C1ZX,BHOSARI   ,India,,,,,,,,,,,,,,0,,MH 14 CK 8453,
MH 14 CS 3815,,,,,India,,,,,,,,,,,,,,0,,MH 14 CS 3815,
MR. AMATE  ,,,,CHICHWAD   ,India,,,,,,,,,,,,,,0,,MH 14 CS 5454,
MR. GUPTA SIR,,,,,India,,,,,,,,,,,,,,0,,MH 14 CS 7153,
MR. Vijay Ware ,,,,Thergaon   ,India,,,,,,,,,,,,,,0,,MH 14 CW 3062,
MR. VIJAY WARE ,,,,THERGAON   ,India,,,,,,,,,,,,,,0,,MH 14 CW 3447,
MR. VIJAY KLARE ,,,,,India,,,,,,,,,,,,,,0,,MH 14 CW 3623,
MR. WARE  ,,,,,India,,,,,,,,,,,,,,0,,MH 14 CW 3657,
MH 14 CW 9252,,,,,India,,,,,,,,,,,,,,0,,MH 14 CW 9252,
MR. GANPAT SIR,,,,,India,,,,,,,,,,,,,,0,,MH 14 CX 0693,
MH 14 CX 1655,,,,,India,,,,,,,,,,,,,,0,,MH 14 CX 1655,
MR. SHIKHARE  ,,,,,India,,,,,,,,,,,,,,0,,MH 14 CX 2008,
MR. RAMESH PATULE,,,,THERGAON   ,India,,,,,,,,,,,,,,0,,MH 14 CX 2033,
MR. SACHIN JADHAV ,,,,,India,,,,,,,,,,,,,,0,,MH 14 CX 2081,
M AIM SERVICE SOLUTIONS ,,,27ABGFA8124N2Z3,AURANGABAD  ,India,,,,,,,,,,,,,,0,,MH 14 CX 2307,
MR. SABLE  ,,,,,India,,,,,,,,,,,,,,0,,MH 14 CX 2377,
MH 14 CX 3356,,Yes,,,India,,,,,,,,,,,,,,0,,MH 14 CX 3356,
MR. FHOJI  ,,,,,India,,,,,,,,,,,,,,0,,MH 14 CX 3513,
MR. SANJAY THAKARE ,,,,THERGAON   ,India,,,,,,,,,,,,,,0,,MH 14 CX 4286,
MR. Laxman Kawade ,,,,Thergaon   ,India,,,,,,,,,,,,,,0,,MH 14 CX 4432,
MH 14 CX 4526,,,,,India,,,,,,,,,,,,,,0,,MH 14 CX 4526,
MR. SHAIKH  ,,Yes,,,India,,,,,,,,,,,,,,0,,MH 14 CX 4748,
MR. WAGHMARE  ,,,,THERGAON,India,,,,,,,,,,,,,,0,,MH 14 CX 4819,
MH 14 CX 5125,,,,,India,,,,,,,,,,,,,,0,,MH 14 CX 5125,
MH 14 CX 5372,,,,,India,,,,,,,,,,,,,,0,,MH 14 CX 5372,
MR. BHARAT GAIKAWAD ,,,,THERGAON   ,India,,,,,,,,,,,,,,0,,MH 14 CX 5496,
MR.  KAMBALE  ,,,,,India,,,,,,,,,,,,,,0,,MH 14 CX 5646,
MR. ATHAVALE  ,,,,,India,,,,,,,,,,,,,,0,,MH 14 CX 5673,
MH 14 CX 5726,,,,,India,,,,,,,,,,,,,,0,,MH 14 CX 5726,
MR.  SACHIN  AWAR ,,,,,India,,,,,,,,,,,,,,0,,MH 14 CX 5765,
MR. DATTA SIR  ,,,,,India,,,,,,,,,,,,,,0,,MH 14 CX 5981,
MR. NITIN NARWADE ,,,,,India,,,,,,,,,,,,,,0,,MH 14 CX 6002,
MR. RAVI KAKADE ,,,,,India,,,,,,,,,,,,,,0,,MH 14 CX 6341,
MR. ATIL ,,,,,India,,,,,,,,,,,,,,0,,MH 14 CX 6608,
MR. SHYAM DHUMAL ,,,,CHIKHALI  ,India,,,,,,,,,,,,,,0,,MH 14 CX 6611,
MR. BAU DUDHY,,,,,India,,,,,,,,,,,,,,0,,MH 14 CX 6617,
MR. ISHWAR KADAM ,,,,THERGAON ,India,,,,,,,,,,,,,,0,,MH 14 CX 6618,
MR. NILESH  ,,,,,India,,,,,,,,,,,,,,0,,MH 14 CX 6639,
MR. NITIN  ,,,,,India,,,,,,,,,,,,,,0,,MH 14 CX 6769,
MR. AJAY JAYLE ,,,,,India,,,,,,,,,,,,,,0,,MH 14 CX 6941,
MR. GHADGE SIR.  ,,,,,India,,,,,,,,,,,,,,0,,MH 14 CX 6969,
MR. LAXMAN YADAV  ,,,,THERGAON ,India,,,,,,,,,,,,,,0,,MH 14 CX 7251,
MR. ANKUSH PATIL,,,,RAHATANI  ,India,,,,,,,,,,,,,,0,,MH 14 CX 7301,
MR. GANESH  ,,,,THERGAON,India,,,,,,,,,,,,,,0,,MH 14 CX 7424,
MH 14 CX 7501,,,,,India,,,,,,,,,,,,,,0,,MH 14 CX 7501,
MR. DOKE  ,,,,THERGAON  ,India,,,,,,,,,,,,,,0,,MH 14 CX 7818,
MH 14 CX 7935,,,,,India,,,,,,,,,,,,,,0,,MH 14 CX 7935,
MR. SUBHASH  ,,,,,India,,,,,,,,,,,,,,0,,MH 14 CX 7948,
MRS. KUTE ,,,,DAPODI  ,India,,,,,,,,,,,,,,0,,MH 14 CX 8004,
MR. ASHOK MUTKULE ,,,,THERGAON ,India,,,,,,,,,,,,,,0,,MH 14 CX 8070,
MR. SHINDE  ,,,,,India,,,,,,,,,,,,,,0,,MH 14 CX 8215,
MR. NITIN  ,,,,,India,,,,,,,,,,,,,,0,,MH 14 CX 8277,
MR. SATISH KALSHETTY ,,,,,India,,,,,,,,,,,,,,0,,MH 14 CX 8278,
MR. Rama Swami ,,,,Thergaon ,India,,,,,,,,,,,,,,0,,MH 14 CX 8421,
MR. NAVENDRA CHAVAN ,,,,,India,,,,,,,,,,,,,,0,,MH 14 CX 8452,
MR. RAJ ATIL ,,,,THERGAON ,India,,,,,,,,,,,,,,0,,MH 14 CX 8664,
MH 14 CX 9018,,,,,India,,,,,,,,,,,,,,0,,MH 14 CX 9018,
MH 14 CX 9065,,,,,India,,,,,,,,,,,,,,0,,MH 14 CX 9065,
MR. RAJESH SIR  ,,,,,India,,,,,,,,,,,,,,0,,MH 14 CX 9318,
MR. RAVIN MUGSE ,,,,,India,,,,,,,,,,,,,,0,,MH 14 CX 9374,
MR. VISHAVNATH  ,,,,,India,,,,,,,,,,,,,,0,,MH 14 CX 9420,
MR.  SURIT  ,,,,,India,,,,,,,,,,,,,,0,,MH 14 CX 9634,
MR. RANDE SIR  ,,,,,India,,,,,,,,,,,,,,0,,MH 14 CX 9655,
MR. RAJU AWAR ,,,,THERGAON  ,India,,,,,,,,,,,,,,0,,MH 14 CZ 0770,
MH 14 D 6766,,,,,India,,,,,,,,,,,,,,0,,MH 14 D 6766,
MR. RAJU NADAF ,,,,THERGAON,India,,,,,,,,,,,,,,0,,MH 14 DA 2782,
MH 14 DA 5009,,,,,India,,,,,,,,,,,,,,0,,MH 14 DA 5009,
MR. MANGESH JADHAV ,,,,CHIKHALI   ,India,,,,,,,,,,,,,,0,,MH 14 DA 5609,
MH 14 DA 7365,,,,,India,,,,,,,,,,,,,,0,,MH 14 DA 7365,
MR. MULGE SIR  ,,,,,India,,,,,,,,,,,,,,0,,MH 14 DF 1737,
MR.RAHUL SIR  ,,Yes,,,India,,,,,,,,,,,,,,0,,MH 14 DF 2167,
MR. KOTHARI SIR ,,,,RAHATANI  ,India,,,,,,,,,,,,,,0,,MH 14 DF 4271,
MR.PRADHAN  ,,,,,India,,,,,,,,,,,,,,0,,MH 14 DF 4377,
MR.BHAGVAT TORDMAL  ,,,,THERGAON ,India,,,,,,,,,,,,,,0,,MH 14 DF 7172,
M SHREE GAJANAN ENGG.  ,,,27APTPK7740M,E/10  KAKADE NAGAR  CHINCHWAD  Pune,India,,,,,,,,,,,,,,0,,MH 14 DF 8866,
MH 14 DN 1082,,,,,India,,,,,,,,,,,,,,0,,MH 14 DN 1082,
MH 14 DN 1105,,,,"KUNAL ICON, PIMPLE SAUDAGAR, PUNE",India,,,,,,,,,,,,,,0,,MH 14 DN 1105,
MR. ABHAY NIMBALKAR ,,yes,,,India,,,,,,,,,,,,,,0,,MH 14 DT 0476,
MH 14 DT 7846,,,,,India,,,,,,,,,,,,,,0,,MH 14 DT 7846,
MR. MAULI BARNE ,,,,THERGAON,India,,,,,,,,,,,,,,0,,MH 14 DX 3771,
MR. AWAR  ,,,,THERGAON,India,,,,,,,,,,,,,,0,,MH 14 DX 4774,
MR. VIJAY  ,,,,,India,,,,,,,,,,,,,,0,,MH 14 DX 4871,
M Venkatesh Tech. Services ,,,27AAZPW7892D,Flat no 207 Tulsi Aangan ,India,,,,,,,,,,,,,,0,,MH 14 DX 6165,
MR. PAWAR,,,,,India,,,,,,,,,,,,,,0,,MH 14 DX 8985,
MR. MANOJ YADAV  ,,,,RAHATNI  ,India,,,,,,,,,,,,,,0,,MH 14 DX 9884,
MH 14 EC 2898,,,,,India,,,,,,,,,,,,,,0,,MH 14 EC 2898,
MR. MAULI ALUMINIUM ,,,,,India,,,,,,,,,,,,,,0,,MH 14 EC 3298,
MH 14 EC 5471,,,,,India,,,,,,,,,,,,,,0,,MH 14 EC 5471,
MR.  RAMESH  ,,,,THERGAON ,India,,,,,,,,,,,,,,0,,MH 14 EG 4543,
MH 14 EH 5818,,,,,India,,,,,,,,,,,,,,0,,MH 14 EH 5818,
MR. PRASHANT,,,,,India,,,,,,,,,,,,,,0,,MH 14 EP 0131,
MR. SANTOSH SAYKAR ,,,,NIGADI,India,,,,,,,,,,,,,,0,,MH 14 EP 2162,
MH 14 EP 3211,,,,THERGAON ,India,,,,,,,,,,,,,,0,,MH 14 EP 3211,
MH 14 EP 4774,,,,,India,,,,,,,,,,,,,,0,,MH 14 EP 4774,
MH 14 EP 6391,,,,,India,,,,,,,,,,,,,,0,,MH 14 EP 6391,
MR. Khandekar  ,,,,Wakad  ,India,,,,,,,,,,,,,,0,,MH 14 ES 3339,
MR. SHURAV GUPTA,,,,,India,,,,,,,,,,,,,,0,,MH 14 EU 0924,
MR. SANJAY  ,,,,,India,,,,,,,,,,,,,,0,,MH 14 EU 1012,
MR. KIRAN JAWALE ,,,,THERGAON ,India,,,,,,,,,,,,,,0,,MH 14 EU 4019,
MR. JAWALE B.K ,,,,THERGAON  ,India,,,,,,,,,,,,,,0,,MH 14 EU 5232,
MH 14 EU 9895,,,,,India,,,,,,,,,,,,,,0,,MH 14 EU 9895,
MR. KIRAR JAWALE ,,,,,India,,,,,,,,,,,,,,0,,MH 14 EV 4019,
MR. MAHESH ,,,,,India,,,,,,,,,,,,,,0,,MH 14 EV 8628,
MR. VIVEK SIR ,,,,,India,,,,,,,,,,,,,,0,,MH 14 EY 2102,
MR. Sandeep Sir ,,,,"Pimpri, PUNE",India,,,,,,,,,,,,,,0,,MH 14 EY 4878,
MH 14 EY 8221,,,,,India,,,,,,,,,,,,,,0,,MH 14 EY 8221,
MRS. KUTE  ,,,,"DAPODI, PUNE",India,,,,,,,,,,,,,,0,,MH 14 FC 0137,
MR. SHREE  ,,,,,India,,,,,,,,,,,,,,0,,MH 14 FC 0337,
MR. Raj Matere ,,,,Thergaon   ,India,,,,,,,,,,,,,,0,,MH 14 FC 0494,
MR. Raj Matere ,,,,Thergaon   ,India,,,,,,,,,,,,,,0,,MH 14 FC 0495,
MR. TELAG  ,,,,THERGAON   ,India,,,,,,,,,,,,,,0,,MH 14 FC 0574,
MH 14 FC 1033,,,,,India,,,,,,,,,,,,,,0,,MH 14 FC 1033,
MR. SUTAR  ,,,,,India,,,,,,,,,,,,,,0,,MH 14 FC 1121,
MR. GANESH KAMBALE ,,,,,India,,,,,,,,,,,,,,0,,MH 14 FC 1307,
MR. SOMANATH SAKHARE ,,,,,India,,,,,,,,,,,,,,0,,MH 14 FC 1598,
MR. Charansing Patil ,,,,,India,,,,,,,,,,,,,,0,,MH 14 FC 1759,
MR. AMOL  ,,,,,India,,,,,,,,,,,,,,0,,MH 14 FC 1885,
MR. YOGESH  ,,,,,India,,,,,,,,,,,,,,0,,MH 14 FC 2015,
MR. Baburao Thorve ,,,,Rahatani ,India,,,,,,,,,,,,,,0,,MH 14 FC 2054,
M SACHIN TOURS & TRAVELS ,,,27APYPJ4637H,THATHWADE,India,,,,,,,,,,,,,,0,,MH 14 FC 2081,
MR. HANMANT BAGDE ,,,,,India,,,,,,,,,,,,,,0,,MH 14 FC 2294,
MR. SANTOSH  ,,,,,India,,,,,,,,,,,,,,0,,MH 14 FC 2308,
OM SAI TOUR & TAVELS  ,,,,,India,,,,,,,,,,,,,,0,,MH 14 FC 2673,
MR. SHANKAR  ,,,,,India,,,,,,,,,,,,,,0,,MH 14 FC 2935,
MR. PATIL,,,,,India,,,,,,,,,,,,,,0,,MH 14 FC 2963,
MH 14 FC 3026,,,,,India,,,,,,,,,,,,,,0,,MH 14 FC 3026,
MR. DOKE  ,,,,THERGAON ,India,,,,,,,,,,,,,,0,,MH 14 FC 3089,
MR. GAUTAM BLORE ,,,,,India,,,,,,,,,,,,,,0,,MH 14 FC 3122,
MR.  SACHIN  ,,,,,India,,,,,,,,,,,,,,0,,MH 14 FC 3263,
MR. RAJESH ATNUR ,,,,RAHATANI ,India,,,,,,,,,,,,,,0,,MH 14 FC 3473,
MR. ASHOK TARAPURE,,,,RAHATANI ,India,,,,,,,,,,,,,,0,,MH 14 FC 3493,
MR. DINDE  ,,,,,India,,,,,,,,,,,,,,0,,MH 14 FC 3667,
MR. RAJU GORE  ,,,,,India,,,,,,,,,,,,,,0,,MH 14 FC 3681,
MH 14 FC 3788,,,,,India,,,,,,,,,,,,,,0,,MH 14 FC 3788,
MR. AJAY  ,,,,,India,,,,,,,,,,,,,,0,,MH 14 FC 3797,
MH 14 FC 3798,,,,,India,,,,,,,,,,,,,,0,,MH 14 FC 3798,
MR. Yogesh Yele ,,,,Thergaon,India,,,,,,,,,,,,,,0,,MH 14 FC 3824,
MR. KIRAN KHARADE ,,,,,India,,,,,,,,,,,,,,0,,MH 14 FC 3854,
MR. RATHOD  ,,,,,India,,,,,,,,,,,,,,0,,MH 14 FC 3960,
MH 14 FC 4255,,,,,India,,,,,,,,,,,,,,0,,MH 14 FC 4255,
MR. MANGESH NAGTILAK ,,,,,India,,,,,,,,,,,,,,0,,MH 14 FC 4262,
MR. MAHESH  ,,,,,India,,,,,,,,,,,,,,0,,MH 14 FC 4291,
MH 14 FC 4329,,,,,India,,,,,,,,,,,,,,0,,MH 14 FC 4329,
MR. RANDALE  ,,,,,India,,,,,,,,,,,,,,0,,MH 14 FC 4526,
MR. NANA YADAV ,,Yes,,,India,,,,,,,,,,,,,,0,,MH 14 FC 4612,
M OM A TRAVELS ,,,27ATCPB4599G 6644443      6644443,PIMPLE GURAV,India,,,,,,,,,,,,,,0,,MH 14 FC 4845,
MR. SHYAM SAWANT  ,,,,,India,,,,,,,,,,,,,,0,,MH 14 FC 5012,
MR. DHORE  ,,,,,India,,,,,,,,,,,,,,0,,MH 14 FC 5156,
MH 14 FC 5271,,,,,India,,,,,,,,,,,,,,0,,MH 14 FC 5271,
MR. SHIVAJI KOTHAWALE ,,yes,,,India,,,,,,,,,,,,,,0,,MH 14 FC 7198,
MR. KETAN DOKE  ,,,,THERGAON  ,India,,,,,,,,,,,,,,0,,MH 14 FC 7776,
MR. Vitthal Mhaske ,,,,Wadgaon Maval ,India,,,,,,,,,,,,,,0,,MH 14 FC 9395,
MR. AVINASH PAWAR,,,,,India,,,,,,,,,,,,,,0,,MH 14 FG 3359,
M SIDDHIVINAYAK INDUSTRIES ,,,27ATSPB7749J 6375980      6375980,PAWAR NAGAR THERGAON  ,India,,,,,,,,,,,,,,0,,MH 14 FM 2552,
MR. JADHAV SIR  ,,,,,India,,,,,,,,,,,,,,0,,MH 14 FS 6011,
MR. KIRAN JAWALE ,,,,,India,,,,,,,,,,,,,,0,,MH 14 FU 4019,
MR. SUNIL DESAI  ,,,,,India,,,,,,,,,,,,,,0,,MH 14 FX 1197,
MR. RAVI SIR,,,,Kunal Icon Pimple saudagar,India,,,,,,,,,,,,,,0,,MH 14 FX 2027,
MR. GLOSENT INDIA  ,,,,,India,,,,,,,,,,,,,,0,,MH 14 FX 2479,
MR. SACHIN  ,,,,THERGAON   ,India,,,,,,,,,,,,,,0,,MH 14 FX 5379,
MH 14 G 1881,,,,,India,,,,,,,,,,,,,,0,,MH 14 G 1881,
MR. AMIT MITTAL ,,,,,India,,,,,,,,,,,,,,0,,MH 14 GA 1176,
MR. PRADEEP PAWAR,,,,,India,,,,,,,,,,,,,,0,,MH 14 GA 1627,
MH 14 GA 4914,,,,,India,,,,,,,,,,,,,,0,,MH 14 GA 4914,
MR. SURESH NAIKAWADE ,,,,,India,,,,,,,,,,,,,,0,,MH 14 GA 6880,
MR. RATHOD  ,,,,,India,,,,,,,,,,,,,,0,,MH 14 GD 0247,
MR. MILID  ,,,,,India,,,,,,,,,,,,,,0,,MH 14 GD 0731,
MH 14 GD 1709,,,,,India,,,,,,,,,,,,,,0,,MH 14 GD 1709,
MR. RAM  ,,,,,India,,,,,,,,,,,,,,0,,MH 14 GD 1792,
MR. KADAM  ,,,,RAHATANI  ,India,,,,,,,,,,,,,,0,,MH 14 GD 1881,
MH 14 GD 2469,,,,,India,,,,,,,,,,,,,,0,,MH 14 GD 2469,
MR. SADAFULE  ,,,,,India,,,,,,,,,,,,,,0,,MH 14 GD 2515,
MR. RAMAKANT BHADADE ,,,,,India,,,,,,,,,,,,,,0,,MH 14 GD 2676,
MH 14 GD 3283,,,,,India,,,,,,,,,,,,,,0,,MH 14 GD 3283,
MR. AYYAZ SHAIKH ,,,,THERGAON ,India,,,,,,,,,,,,,,0,,MH 14 GD 5438,
MR. SHARAD KUMBHAR ,,,,CHIKHALI ,India,,,,,,,,,,,,,,0,,MH 14 GD 6038,
MH 14 GD 6536,,,,,India,,,,,,,,,,,,,,0,,MH 14 GD 6536,
M SHREE GANESH  ,,,,RAHATANI  ,India,,,,,,,,,,,,,,0,,MH 14 GD 6941,
MH 14 GD 6971,,,,,India,,,,,,,,,,,,,,0,,MH 14 GD 6971,
MR. GANESH DESHMUKH ,,,,RAHATANI  ,India,,,,,,,,,,,,,,0,,MH 14 GD 7102,
MR. SHIV PRASAD SIR.  ,,,,,India,,,,,,,,,,,,,,0,,MH 14 GD 7416,
MR. GANESH SATAV ,,,,,India,,,,,,,,,,,,,,0,,MH 14 GD 8448,
MR. NANA PAWAR ,,,,,India,,,,,,,,,,,,,,0,,MH 14 GD 8771,
MR. SHELKE  ,,,,,India,,,,,,,,,,,,,,0,,MH 14 GD 9041,
MR. SACHIN KAMBALE ,,,,,India,,,,,,,,,,,,,,0,,MH 14 GD 9071,
MR. TUSHAR BOBADE ,,,,,India,,,,,,,,,,,,,,0,,MH 14 GD 9232,
MR. UNDALIK MUKTE ,,,,,India,,,,,,,,,,,,,,0,,MH 14 GD 9696,
MR. ASHOK SIR ,,,,,India,,,,,,,,,,,,,,0,,MH 14 GD 9769,
MH 14 GE 7110,,,,,India,,,,,,,,,,,,,,0,,MH 14 GE 7110,
MH 14 GU 0857,,,,,India,,,,,,,,,,,,,,0,,MH 14 GU 0857,
MH 14 GU 1352,,yes,,,India,,,,,,,,,,,,,,0,,MH 14 GU 1352,
MH 14 GU 1381,,,,,India,,,,,,,,,,,,,,0,,MH 14 GU 1381,
MR. VISHWNATH MATOLE ,,,,,India,,,,,,,,,,,,,,0,,MH 14 GU 1390,
MR. VINOD BIRADHAR ,,,,,India,,,,,,,,,,,,,,0,,MH 14 GU 1781,
MR. KALYAN  ,,,,THERGAON ,India,,,,,,,,,,,,,,0,,MH 14 GU 1881,
MH 14 GU 2515,,,,,India,,,,,,,,,,,,,,0,,MH 14 GU 2515,
MR. Raghuveer Thorve ,,,,Rahatani ,India,,,,,,,,,,,,,,0,,MH 14 GU 3754,
MH 14 GU 3755,,,,,India,,,,,,,,,,,,,,0,,MH 14 GU 3755,
MR. SATISH  ,,,,,India,,,,,,,,,,,,,,0,,MH 14 GU 3756,
MR. SHIVA SIR.  ,,,,,India,,,,,,,,,,,,,,0,,MH 14 GU 3772,
MR. SHANKAR WADAVE  ,,,,,India,,,,,,,,,,,,,,0,,MH 14 GU 4155,
MR. ANIL CHAVAN  ,,,,,India,,,,,,,,,,,,,,0,,MH 14 GU 4512,
M AJIKYA TOURS&TRAVELS  ,,,,THERGAON ,India,,,,,,,,,,,,,,0,,MH 14 GU 4784,
MR. SACHIN  ,,,,,India,,,,,,,,,,,,,,0,,MH 14 GU 5141,
MR. BHIMASAGAR  ,,,,,India,,,,,,,,,,,,,,0,,MH 14 GU 6142,
MH 14 GU 6182,,,,,India,,,,,,,,,,,,,,0,,MH 14 GU 6182,
MR. ANKUSH KEKEN ,,,,,India,,,,,,,,,,,,,,0,,MH 14 GU 6272,
MH 14 GU 6786,,,,,India,,,,,,,,,,,,,,0,,MH 14 GU 6786,
MR. SHINDE  ,,,,,India,,,,,,,,,,,,,,0,,MH 14 GU 7109,
MR. SHIV PRASAD,,,,,India,,,,,,,,,,,,,,0,,MH 14 GU 7416,
MR. SAMADHAN WARE  ,,,,,India,,,,,,,,,,,,,,0,,MH 14 GU 7521,
MR. AVINASHA  ,,,,,India,,,,,,,,,,,,,,0,,MH 14 GU 7826,
MR. MANSUR  ,,,,AKURDI   ,India,,,,,,,,,,,,,,0,,MH 14 GU 7867,
MR. RANVEER SING  ,,,,,India,,,,,,,,,,,,,,0,,MH 14 GU 8183,
MH 14 GU 8269,,,,,India,,,,,,,,,,,,,,0,,MH 14 GU 8269,
MR. DEEPAK,,,,,India,,,,,,,,,,,,,,0,,MH 14 GU 8921,
MR. RAHUL PARKALE ,,,,THERGAON,India,,,,,,,,,,,,,,0,,MH 14 GU 9400,
MR. SHINDE  ,,,,CHICHWAD   ,India,,,,,,,,,,,,,,0,,MH 14 GV 7109,
MR. SACHIN  ,,,,,India,,,,,,,,,,,,,,0,,MH 14 GY 5141,
MR. DATTA CHAVAN ,,,,,India,,,,,,,,,,,,,,0,,MH 14 HD 5735,
MR. NADIM KHAN ,,,,,India,,,,,,,,,,,,,,0,,MH 14 HD 8030,
MR. NAGESH MORE ,,,,,India,,,,,,,,,,,,,,0,,MH 14 HG 0063,
MR. AMOL  ,,,,THERGAON   ,India,,,,,,,,,,,,,,0,,MH 14 HG 0071,
MH 14 HG 0193,,,,,India,,,,,,,,,,,,,,0,,MH 14 HG 0193,
MR. SAMADAN WARE ,,,,,India,,,,,,,,,,,,,,0,,MH 14 HG 0212,
MR. PRAMOD TIKATE ,,,,,India,,,,,,,,,,,,,,0,,MH 14 HG 1986,
MR. RAMESH CHAVAN ,,,,,India,,,,,,,,,,,,,,0,,MH 14 HG 2175,
MR. SUNIL  ,,,,,India,,,,,,,,,,,,,,0,,MH 14 HG 2848,
MR. GHYNESHWAR SHINDE ,,,,,India,,,,,,,,,,,,,,0,,MH 14 HG 2992,
MR. PU SHINDE  ,,,,THERGAON   ,India,,,,,,,,,,,,,,0,,MH 14 HG 3325,
MR. VISHAL JADHAV ,,,,,India,,,,,,,,,,,,,,0,,MH 14 HG 3430,
MR. HARSHAL SIR  ,,,,,India,,,,,,,,,,,,,,0,,MH 14 HG 3437,
MR. SACHIN JADHAV ,,,,,India,,,,,,,,,,,,,,0,,MH 14 HG 4173,
MR. LALIT CHAUDHARI  ,,,,,India,,,,,,,,,,,,,,0,,MH 14 HG 4650,
MR. MANOJ GHADGE  ,,,,,India,,,,,,,,,,,,,,0,,MH 14 HG 5588,
MR. SAGAR GODSE ,,,,,India,,,,,,,,,,,,,,0,,MH 14 HG 6108,
MH 14 HG 6136,,,,,India,,,,,,,,,,,,,,0,,MH 14 HG 6136,
M SACHIN TOURS & TEAVELS ,,,27APYPJ4637H,TATHAWADE  ,India,,,,,,,,,,,,,,0,,MH 14 HG 7143,
MH 14 HG 8269,,,,,India,,,,,,,,,,,,,,0,,MH 14 HG 8269,
MR. KISHOR SIR.  ,,,,,India,,,,,,,,,,,,,,0,,MH 14 HG 8287,
MR. KISHOR LAKADE  ,,,,,India,,,,,,,,,,,,,,0,,MH 14 HG 8297,
MH 14 HG 8536,,,,,India,,,,,,,,,,,,,,0,,MH 14 HG 8536,
MR. DEEPAK JAGDALE,,,,THERGAON   ,India,,,,,,,,,,,,,,0,,MH 14 HW 0638,
MR. SACHIN SHINDE ,,,,,India,,,,,,,,,,,,,,0,,MH 14 KN 4862,
MS Om A Travels  ,,,27ATCPB4599G 6644443      6644443,imple Guravune,India,,,,,,,,,,,,,,0,,MH 14 KN 7024,
MR. MOHITE SIR  ,,,,,India,,,,,,,,,,,,,,0,,MH 14 MR 8914,
MR. SHIVAJI  ATIL  ,,,,,India,,,,,,,,,,,,,,0,,MH 14 N 6286,
MR. SANTOSH  ,,,,THERGAON ,India,,,,,,,,,,,,,,0,,MH 14 X 2770,
MR. RAJENDRA GORE ,,,      ,THERGAON ,India,,,,,,,,,,,,,,0,,MH 14FC 3681,
MH 14VHG 2651,,,,,India,,,,,,,,,,,,,,0,,MH 14VHG 2651,
MR. SUSHANT SHINDE ,,,,,India,,,,,,,,,,,,,,0,,MH 16 BC 1442,
MR. MILIND SIR.  ,,,,,India,,,,,,,,,,,,,,0,,MH 19 Q 8071,
MH 21 V 9640,,,,,India,,,,,,,,,,,,,,0,,MH 21 V 9640,
MR. HANUMANT SHINDE ,,,,,India,,,,,,,,,,,,,,0,,MH 22 3792,
MR. DEVEDAS SULE ,,,,,India,,,,,,,,,,,,,,0,,MH 23 AU 0911,
MH 23 N 5798,,,,,India,,,,,,,,,,,,,,0,,MH 23 N 5798,
MR. BABAN SIR.  ,,,,,India,,,,,,,,,,,,,,0,,MH 23 N 5908,
MR. MAHESH  ,,,,,India,,,,,,,,,,,,,,0,,MH 23 N 6052,
MR. MAHADEV  ,,,,THERGAON ,India,,,,,,,,,,,,,,0,,MH 23 N 7020,
MH 24 AF 4192,,,,,India,,,,,,,,,,,,,,0,,MH 24 AF 4192,
MR. SADASHIV  ,,,,,India,,,,,,,,,,,,,,0,,MH 24 AU 0701,
MR. LAXMAN MORE ,,,,,India,,,,,,,,,,,,,,0,,MH 24 AU 0869,
MR. NAGNATH KADAM  ,,,,,India,,,,,,,,,,,,,,0,,MH 24 AU 1409,
MR. SHINDE  ,,,,,India,,,,,,,,,,,,,,0,,MH 24 AU 2336,
MR. RAMESH GARAD  ,,,,,India,,,,,,,,,,,,,,0,,MH 24 AU 2497,
MH 24 AU 2583,,,,,India,,,,,,,,,,,,,,0,,MH 24 AU 2583,
MR. VISHAL LOHARE  ,,,,,India,,,,,,,,,,,,,,0,,MH 24 AU 3089,
MR. VIJAY SALUNKE ,,,,WAKAD ,India,,,,,,,,,,,,,,0,,MH 24 F 3997,
MR. SANTOSH DOGARE ,,,,,India,,,,,,,,,,,,,,0,,MH 25 R 5055,
MR. RAVI ANBHULE  ,,,,,India,,,,,,,,,,,,,,0,,MH 25 R 7888,
MR. LAXMAN KAWDE ,,,,THERGAON ,India,,,,,,,,,,,,,,0,,MH 25 T 0311,
MR. PRADEEP PAWAR,,,,,India,,,,,,,,,,,,,,0,,MH 25 T 0895,
MR. SHIVAJI  ,,,,,India,,,,,,,,,,,,,,0,,MH 25 T 1107,
MR. SHANKAR  ,,,,,India,,,,,,,,,,,,,,0,,MH 25 T 1155,
MR. SHIVAJI PATIL,,,,,India,,,,,,,,,,,,,,0,,MH 26 N 6286,
MH 26 V 2524,,,,,India,,,,,,,,,,,,,,0,,MH 26 V 2524,
MR. AMOL BANEKAR ,,,,,India,,,,,,,,,,,,,,0,,MH 27 BX 1286,
MR. RAJU SARODE ,,,,KOTHARUD ,India,,,,,,,,,,,,,,0,,MH 42 A 2019,
MR. KULKARNI SIR ,,,,,India,,,,,,,,,,,,,,0,,MH 42 AN 4958,
MH 42 S 4747,,,,,India,,,,,,,,,,,,,,0,,MH 42 S 4747,
MH 43 AR 7092,,,,,India,,,,,,,,,,,,,,0,,MH 43 AR 7092,
MH 43 AR 7093,,,,,India,,,,,,,,,,,,,,0,,MH 43 AR 7093,
MH 43 D 9401,,,,,India,,,,,,,,,,,,,,0,,MH 43 D 9401,
MH 43 N 6477,,,,,India,,,,,,,,,,,,,,0,,MH 43 N 6477,
MR. AZAR SHAIKH ,,,,,India,,,,,,,,,,,,,,0,,MH 44 0509,
MH 44 B 1976,,,,,India,,,,,,,,,,,,,,0,,MH 44 B 1976,
MR.  RAJU SARAWADE ,,,,,India,,,,,,,,,,,,,,0,,MH 44 B 3041,
MR. SHRIKANT  ,,,,AMBAJOGAI   ,India,,,,,,,,,,,,,,0,,MH 44 G 1587,
MR. PARIMAL G,,,,,India,,,,,,,,,,,,,,0,,MH 45 A 1107,
MR. PRAVIN SALVE,,,,,India,,,,,,,,,,,,,,0,,MH 45 N 7717,
MH 46 AP 1345,,,,THERGAON,India,,,,,,,,,,,,,,0,,MH 46 AP 1345,
MR. VIJAY PATIL,,,,,India,,,,,,,,,,,,,,0,,MH 46 BF 5597,
MR. SURESH DESHMUKH ,,,,,India,,,,,,,,,,,,,,0,,MH 46 X 8708,
MR. ANIL CHAVAN ,,,,,India,,,,,,,,,,,,,,0,,MH 50 0812,
MR.  SACHIN JADHAV ,,,,,India,,,,,,,,,,,,,,0,,MH 50 N 0166,
MR. SATAV PATIL,,,,,India,,,,,,,,,,,,,,0,,MH FC 2963,
MR. MAHESH NIKTE  ,,,,Kotharud   ,India,,,,,,,,,,,,,,0,,MH12 MB 0386,
MR. KASALE  ,,,,THERGAON,India,,,,,,,,,,,,,,0,,MH14 CK 4484,
M  AIM Service Solution  ,,,27ABGFA8124N 6033292      6033292,Ulkanagari Aurangabad  ,India,,,,,,,,,,,,,,0,,MH14 CX 2307,
MR. MANDAL  ,,,,,India,,,,,,,,,,,,,,0,,UP 08 B 1198,
